url	first_seen	portal	title	company	status
https://www.coupang.jobs/en/jobs/?gh_jid=6810667	2026-04-12	greenhouse-api	Global Operations Technology(GOT) 개발자 집중 채용	Coupang	added
https://sendbird.com/careers?gh_jid=8395379002	2026-04-14	greenhouse-api	Software Engineer, AI Agent	Sendbird	added
https://job-boards.greenhouse.io/krafton/jobs/8360142002	2026-04-14	greenhouse-api	[NineB/Project PX] Server Programmer (5년 이상)	Krafton	added
https://job-boards.greenhouse.io/krafton/jobs/8460159002	2026-04-14	greenhouse-api	[Publishing Platform Div.] Web Backend Developer (7년 이상 / 계약직)	Krafton	added
https://job-boards.greenhouse.io/moloco/jobs/5858647003	2026-04-14	greenhouse-api	Backend Software Engineer II (백엔드 소프트웨어 엔지니어 II)	Moloco	added
https://job-boards.greenhouse.io/moloco/jobs/7489635003	2026-04-14	greenhouse-api	Director of Product Management - App Category Expansion	Moloco	added
https://job-boards.greenhouse.io/moloco/jobs/5858649003	2026-04-14	greenhouse-api	Senior Backend Software Engineer (시니어 백엔드 소프트웨어 엔지니어)	Moloco	added
https://job-boards.greenhouse.io/moloco/jobs/7610885003	2026-04-14	greenhouse-api	Senior Full-Stack Software Engineer - Agentic Software - Moloco Commerce Media	Moloco	added
https://job-boards.greenhouse.io/moloco/jobs/6510189003	2026-04-14	greenhouse-api	Senior Software Engineer, Ads Data Warehouse	Moloco	added
https://job-boards.greenhouse.io/moloco/jobs/7593236003	2026-04-14	greenhouse-api	Senior Software Engineer - Ads Measurement	Moloco	added
https://job-boards.greenhouse.io/moloco/jobs/7519526003	2026-04-14	greenhouse-api	Senior Software Engineer - Applied Data	Moloco	added
https://job-boards.greenhouse.io/moloco/jobs/6759509003	2026-04-14	greenhouse-api	Senior Software Engineer - Moloco Commerce Media	Moloco	added
https://job-boards.greenhouse.io/moloco/jobs/7644213003	2026-04-14	greenhouse-api	Senior Staff Software Engineer, Ads Creative	Moloco	added
https://job-boards.greenhouse.io/moloco/jobs/6565191003	2026-04-14	greenhouse-api	Software Engineer, Ads Data Warehouse	Moloco	added
https://job-boards.greenhouse.io/moloco/jobs/5645749003	2026-04-14	greenhouse-api	Staff Backend Software Engineer (스태프 백엔드 소프트웨어 엔지니어)	Moloco	added
https://job-boards.greenhouse.io/moloco/jobs/7441481003	2026-04-14	greenhouse-api	Staff Software Engineer, Ads Data Warehouse	Moloco	added
https://job-boards.greenhouse.io/moloco/jobs/7607964003	2026-04-14	greenhouse-api	Staff Software Engineer - Ad Serving - Moloco Commerce Media	Moloco	added
https://www.coupang.jobs/en/jobs/?gh_jid=7064283	2026-04-14	greenhouse-api	[Coupang Pay] Staff, Back-end Engineer (Fintech SRE)	Coupang	added
https://www.coupang.jobs/en/jobs/?gh_jid=7154340	2026-04-14	greenhouse-api	[Coupang] Senior Staff Backend Engineer (Global Operations Technology)	Coupang	added
https://www.coupang.jobs/en/jobs/?gh_jid=7681541	2026-04-14	greenhouse-api	[CP One Japan] Manager, Account Management (Rocketnow-Nagoya)	Coupang	added
https://www.coupang.jobs/en/jobs/?gh_jid=6137112	2026-04-14	greenhouse-api	Manager, Back-end Engineering (Global Operations Technology)	Coupang	added
https://www.coupang.jobs/en/jobs/?gh_jid=7407508	2026-04-14	greenhouse-api	Manager, Back-end Engineering - New Fintech Product	Coupang	added
https://www.coupang.jobs/en/jobs/?gh_jid=7374974	2026-04-14	greenhouse-api	Manager, Back-end Engineering - New Fintech Product 	Coupang	added
https://www.coupang.jobs/en/jobs/?gh_jid=7721023	2026-04-14	greenhouse-api	Principal, Back-End Engineer	Coupang	added
https://www.coupang.jobs/en/jobs/?gh_jid=7454068	2026-04-14	greenhouse-api	[Promotion and Shop]Staff Back-end Engineer	Coupang	added
https://www.coupang.jobs/en/jobs/?gh_jid=7483103	2026-04-14	greenhouse-api	[Search & Discovery] Senior, Back-end Engineer (Recommendations)	Coupang	added
https://www.coupang.jobs/en/jobs/?gh_jid=7325607	2026-04-14	greenhouse-api	Senior Principal, Data Governance and Compliance Monitoring	Coupang	added
https://www.coupang.jobs/en/jobs/?gh_jid=6667715	2026-04-14	greenhouse-api	Senior Staff - Backend Engineer	Coupang	added
https://www.coupang.jobs/en/jobs/?gh_jid=7343061	2026-04-14	greenhouse-api	Senior~Staff,  Backend Engineer (Core Member & Infra Platform)	Coupang	added
https://www.coupang.jobs/en/jobs/?gh_jid=7582117	2026-04-14	greenhouse-api	Senior Staff Back-end Engineer (eCommerce Platform Services)	Coupang	added
https://www.coupang.jobs/en/jobs/?gh_jid=7421738	2026-04-14	greenhouse-api	Senior Staff Back-end Engineer (Fulfillment Technologies)	Coupang	added
https://www.coupang.jobs/en/jobs/?gh_jid=7483178	2026-04-14	greenhouse-api	Senior Staff, Back-end Engineer (Fulfillment Technologies)	Coupang	added
https://www.coupang.jobs/en/jobs/?gh_jid=7744318	2026-04-14	greenhouse-api	Senior Staff, Back-end Engineer (New Fintech Product Engineering)	Coupang	added
https://www.coupang.jobs/en/jobs/?gh_jid=7496873	2026-04-14	greenhouse-api	Senior Staff Backend Engineer (Service Mesh)	Coupang	added
https://www.coupang.jobs/en/jobs/?gh_jid=7436199	2026-04-14	greenhouse-api	Senior Staff Engineer, Back-end Engineering, Fulfillment Center  Core Systems (Global Operations Technology)	Coupang	added
https://www.coupang.jobs/en/jobs/?gh_jid=6850600	2026-04-14	greenhouse-api	Senior Staff Engineer - Backend (Fulfillment and Transportation Systems) 	Coupang	added
https://www.coupang.jobs/en/jobs/?gh_jid=7365726	2026-04-14	greenhouse-api	Senior Staff Software Engineer, Marketplace	Coupang	added
https://www.coupang.jobs/en/jobs/?gh_jid=7361248	2026-04-14	greenhouse-api	Sr. Director - Backend Engineering	Coupang	added
https://www.coupang.jobs/en/jobs/?gh_jid=7358442	2026-04-14	greenhouse-api	Sr. Manager, Backend Engineering (Payment)	Coupang	added
https://www.coupang.jobs/en/jobs/?gh_jid=7230777	2026-04-14	greenhouse-api	Sr.Staff, Back-end Engineer (Fintech Product Engineering)	Coupang	added
https://www.coupang.jobs/en/jobs/?gh_jid=5848138	2026-04-14	greenhouse-api	Sr. Staff, Back-end Engineer (Global Operations Technology)	Coupang	added
https://www.coupang.jobs/en/jobs/?gh_jid=5200488	2026-04-14	greenhouse-api	Sr. Staff, Back-end Engineer (Growth Engineering)	Coupang	added
https://www.coupang.jobs/en/jobs/?gh_jid=7054438	2026-04-14	greenhouse-api	Staff Back-end Engineer	Coupang	added
https://www.coupang.jobs/en/jobs/?gh_jid=7188665	2026-04-14	greenhouse-api	Staff Backend Engineer	Coupang	added
https://www.coupang.jobs/en/jobs/?gh_jid=7230716	2026-04-14	greenhouse-api	Staff Back-end Engineer - Capacity and Performance Engineering	Coupang	added
https://www.coupang.jobs/en/jobs/?gh_jid=6632508	2026-04-14	greenhouse-api	Staff, Backend Engineer (Core Business Engineering)	Coupang	added
https://www.coupang.jobs/en/jobs/?gh_jid=6920385	2026-04-14	greenhouse-api	Staff Backend Engineer (Eats delivery, EDP Funnel)	Coupang	added
https://www.coupang.jobs/en/jobs/?gh_jid=7714929	2026-04-14	greenhouse-api	Staff Backend Engineer - eCommerce Engineering	Coupang	added
https://www.coupang.jobs/en/jobs/?gh_jid=7780260	2026-04-14	greenhouse-api	Staff Back-end Engineer, Fintech Platform	Coupang	added
https://www.coupang.jobs/en/jobs/?gh_jid=4414280	2026-04-14	greenhouse-api	Staff, Back-end Engineer (Fulfillment Technologies)	Coupang	added
https://www.coupang.jobs/en/jobs/?gh_jid=7230867	2026-04-14	greenhouse-api	Staff, Back-end Engineer (Global Operations Technology)	Coupang	added
https://www.coupang.jobs/en/jobs/?gh_jid=6843465	2026-04-14	greenhouse-api	Staff, Back-end Engineer (Growth Engineering)	Coupang	added
https://www.coupang.jobs/en/jobs/?gh_jid=6664472	2026-04-14	greenhouse-api	Staff, Back-end Engineering (FC Automation)	Coupang	added
https://www.coupang.jobs/en/jobs/?gh_jid=7358484	2026-04-14	greenhouse-api	Staff Back-end Engineer, New Fintech Product	Coupang	added
https://www.coupang.jobs/en/jobs/?gh_jid=7508527	2026-04-14	greenhouse-api	Staff Backend Engineer - TW Business Engineering	Coupang	added
https://www.coupang.jobs/en/jobs/?gh_jid=7290174	2026-04-14	greenhouse-api	Staff, Back-end engineer (WMS Inbound)	Coupang	added
https://www.coupang.jobs/en/jobs/?gh_jid=7336890	2026-04-14	greenhouse-api	Staff, Security Governance/Risk Specialist	Coupang	added
https://www.coupang.jobs/en/jobs/?gh_jid=7159576	2026-04-14	greenhouse-api	Staff Software Backend Engineer (Messaging and Caching Platform)	Coupang	added
https://www.coupang.jobs/en/jobs/?gh_jid=7366755	2026-04-14	greenhouse-api	Staff Software Engineer	Coupang	added
https://www.coupang.jobs/en/jobs/?gh_jid=6966209	2026-04-14	greenhouse-api	Staff, Software Engineer	Coupang	added
https://www.coupang.jobs/en/jobs/?gh_jid=7227467	2026-04-15	greenhouse-api	Sr.Staff, Back-end Engineer (Fintech Product Engineering)	Coupang	added
https://www.coupang.jobs/en/jobs/?gh_jid=7317056	2026-04-15	greenhouse-api	Staff, Back-end Engineer (Fulfillment Technologies)	Coupang	added
https://www.coupang.jobs/en/jobs/?gh_jid=7461334	2026-04-15	greenhouse-api	Staff Software Engineer	Coupang	added
https://about.daangn.com?gh_jid=6640363003	2026-04-20	greenhouse-api	Software Engineer, Backend | 광고	Daangn	added
https://about.daangn.com?gh_jid=7540124003	2026-04-20	greenhouse-api	Software Engineer, Backend | 로컬 비즈니스 (주문경험)	Daangn	added
https://about.daangn.com?gh_jid=6688872003	2026-04-20	greenhouse-api	Software Engineer, Backend | 커머스	Daangn	added
https://about.daangn.com?gh_jid=7659289003	2026-04-20	greenhouse-api	Software Engineer, Backend | 나의당근	Daangn	added
https://about.daangn.com?gh_jid=5046759003	2026-04-20	greenhouse-api	Software Engineer, Backend | 서비스 코어 (Identity Service)	Daangn	added
https://about.daangn.com?gh_jid=7675338003	2026-04-20	greenhouse-api	Software Engineer, Backend | 로컬 잡스 (Lessons & Tutoring)	Daangn	added
https://about.daangn.com?gh_jid=5046753003	2026-04-20	greenhouse-api	Software Engineer, Backend | 서비스 코어 (Location Intelligence)	Daangn	added
https://about.daangn.com?gh_jid=4300801003	2026-04-20	greenhouse-api	Software Engineer, Data	Daangn	added
https://www.coupang.jobs/en/jobs/?gh_jid=7083784	2026-04-20	greenhouse-api	Senior Software Engineering Manager, Rocket Growth - Seller Success	Coupang	added
https://www.coupang.jobs/en/jobs/?gh_jid=7441419	2026-04-20	greenhouse-api	Sr. Staff Software Engineer, Security 	Coupang	added
https://job-boards.greenhouse.io/moloco/jobs/7711666003	2026-04-23	greenhouse-api	Expression of Interest(채용관심등록): Software Engineer - Korea	Moloco	added
https://cafe.naver.com/f-e/cafes/31258781/articles/33595	2026-04-23	naver-cafe-api	[경력] ~상시 / 핀크(Finnq) - [하나금융그룹 자회사] 서버개발자	Naver Cafe Workhub	added
https://cafe.naver.com/f-e/cafes/31258781/articles/33594	2026-04-23	naver-cafe-api	[경력] ~채용시마감 / 큐엠아이티 - [PLCO] 백엔드 개발자 / 5년 이상	Naver Cafe Workhub	added
https://cafe.naver.com/f-e/cafes/31258781/articles/33588	2026-04-23	naver-cafe-api	~상시 / 센트비(SentBe)｜Backend Engineer (Go/Java) – Middle	Naver Cafe Workhub	added
https://cafe.naver.com/f-e/cafes/31258781/articles/33586	2026-04-23	naver-cafe-api	~상시 / 센트비(SentBe)｜Backend Engineer (Java)	Naver Cafe Workhub	added
https://cafe.naver.com/f-e/cafes/31258781/articles/33631	2026-04-24	naver-cafe-api	[경력] ~채용시마감 / 아토머스(마인드카페) - [아토머스] 백엔드 개발자	Naver Cafe Workhub	added
https://cafe.naver.com/f-e/cafes/31258781/articles/33630	2026-04-24	naver-cafe-api	[경력] ~26.05.29 / 워트인텔리전스 - Backend Engineer (5년 이상)	Naver Cafe Workhub	added
https://cafe.naver.com/f-e/cafes/31258781/articles/33624	2026-04-24	naver-cafe-api	[경력] ~채용시마감 / 중고나라 - Backend Engineer(Node.js & Java/Kotlin)	Naver Cafe Workhub	added
https://cafe.naver.com/f-e/cafes/31258781/articles/33618	2026-04-24	naver-cafe-api	[경력] ~상시 / 퍼플아카데미 - 빅데이터 기반 Node/NestJS 백엔드 개발자(계약직)	Naver Cafe Workhub	added
https://cafe.naver.com/f-e/cafes/31258781/articles/33647	2026-04-25	naver-cafe-api	[경력] ~상시 / 인핸스 - Backend Engineer (거버넌스 / 보안 전문)	Naver Cafe Workhub	added
https://cafe.naver.com/f-e/cafes/31258781/articles/33825	2026-05-02	naver-cafe-api	[경력] ~상시 / 아임웹 - Back-end Engineer (Web Builder)	Naver Cafe Workhub	added
https://cafe.naver.com/f-e/cafes/31258781/articles/33822	2026-05-02	naver-cafe-api	[경력] ~채용시마감 / 휴이노 - Back-end SWE	Naver Cafe Workhub	added
https://cafe.naver.com/f-e/cafes/31258781/articles/33816	2026-05-02	naver-cafe-api	[경력] ~채용시마감 / 아임웹 - Back-end Engineer (Analytics)	Naver Cafe Workhub	added
https://cafe.naver.com/f-e/cafes/31258781/articles/33878	2026-05-05	naver-cafe-api	[경력] ~26.05.08 / 그로잉세일즈 - 백엔드 엔지니어 (Infra & Database Specialist)	Naver Cafe Workhub	skipped_expired
https://www.wanted.co.kr/wd/349485	2026-05-05	web-verified	백엔드 엔지니어(3년 이상)	딥세일즈	added
https://groupby.kr/positions/8798	2026-05-05	web-verified	[Kooky] 백엔드 개발자	라이터스컴퍼니	added
https://demoday.co.kr/recruits/10160	2026-05-05	web-verified	스타트투데이 백엔드 개발자	에스티엘	added
https://demoday.co.kr/recruits/12353	2026-05-05	web-verified	백엔드 개발자	브이에이트코프	added
https://demoday.co.kr/recruits/5662	2026-05-05	web-verified	JAVA TCP 백엔드	헤리트	added
https://groupby.kr/positions/5147	2026-05-05	web-verified	[Daione] 백엔드 개발자	다니엘프로젝트	added
https://groupby.kr/positions/10206	2026-05-05	web-verified	[글로벌 App] Java 주니어 개발자	후플렉스	added
https://www.wanted.co.kr/wd/337958	2026-05-05	wanted-list-verified	[미리캔버스] 백엔드 개발자	미리디	added
https://www.wanted.co.kr/wd/286140	2026-05-05	wanted-list-verified	산타 BE Engineer (Kotlin, Spring) (3년 이상)	소크라에이아이	added
https://www.wanted.co.kr/wd/264022	2026-05-05	wanted-list-verified	백엔드 개발자	씨디알아이(CDRI)	added
https://www.wanted.co.kr/wd/340229	2026-05-05	wanted-list-verified	[hourplace] Back-end Engineer	먼치팩토리	added
https://www.wanted.co.kr/wd/359319	2026-05-05	wanted-list-verified	Software Engineer (Back-end) - 3년 이상	샵라이브	added
https://www.wanted.co.kr/wd/287859	2026-05-05	wanted-list-verified	Commerce Back-end Developer	비마이프렌즈	added
https://www.wanted.co.kr/wd/358724	2026-05-05	wanted-list-verified	[개발팀] 백엔드 개발자	네이버페이비상장	added
https://www.wanted.co.kr/wd/355636	2026-05-05	wanted-list-verified	Server Engineer	라포랩스	added
https://www.wanted.co.kr/wd/338476	2026-05-05	wanted-list-verified	AIoT 서비스 백앤드 개발자 (3년 이상)	엣지크로스	added
https://www.wanted.co.kr/wd/331006	2026-05-05	wanted-list-verified	Back-end Engineer	스팬딧(Spendit)	added
https://www.wanted.co.kr/wd/356331	2026-05-05	wanted-list-verified	백엔드 개발자 (3-6년)	카닥	added
https://cafe.naver.com/f-e/cafes/31258781/articles/33940	2026-05-07	naver-cafe-api	[경력] ~채용시마감 / 비바리퍼블리카 - [토스] Server Developer(Platform)	Naver Cafe Workhub	skipped_dup
https://cafe.naver.com/f-e/cafes/31258781/articles/33933	2026-05-07	naver-cafe-api	[경력] ~상시 / 더게임 - GOlang 특화 백엔드 개발자	Naver Cafe Workhub	added
https://www.wanted.co.kr/wd/329715	2026-05-07	web-verified	백엔드 개발자	스포츠투아이	added
https://www.wanted.co.kr/wd/300171	2026-05-07	web-verified	백엔드 Java/SpringBoot 개발자 (3년 이상)	빅스데이터	added
https://www.wanted.co.kr/wd/310826	2026-05-07	web-verified	백엔드 개발자 (Node.js, Java 3년이상)	기발자들	added
https://www.wanted.co.kr/wd/209614	2026-05-07	web-verified	풀리팀 백엔드 개발자 (3년 이상)	프리윌린	added
https://www.wanted.co.kr/wd/328380	2026-05-07	web-verified	VC ERP 백엔드 개발자(Java/Spring Boot)(3년 이상)	똑똑	added
https://cafe.naver.com/f-e/cafes/31258781/articles/34042	2026-05-11	naver-cafe-api	[경력] ~26.05.22 / 오픈갤러리 - Django 풀 스택 개발자 (병역특례)	Naver Cafe Workhub	skipped_title
https://cafe.naver.com/f-e/cafes/31258781/articles/34041	2026-05-11	naver-cafe-api	[경력] ~채용시마감 / 비바리퍼블리카 - [토스] Server Developer(Platform)	Naver Cafe Workhub	skipped_dup
https://cafe.naver.com/f-e/cafes/31258781/articles/34037	2026-05-11	naver-cafe-api	[경력] ~상시 / 피닉스랩유한회사 서울지점 - Backend Engineer, Applied Agents (Seoul)	Naver Cafe Workhub	skipped_title
https://cafe.naver.com/f-e/cafes/31258781/articles/34036	2026-05-11	naver-cafe-api	[경력] ~26.07.06 / 아토머스(마인드카페) - 백엔드 개발자	Naver Cafe Workhub	skipped_title
https://cafe.naver.com/f-e/cafes/31258781/articles/34028	2026-05-11	naver-cafe-api	~상시 / 카카오페이｜서버 개발자 – 결제 서비스	Naver Cafe Workhub	added
https://www.wanted.co.kr/wd/267885	2026-05-11	web-verified	백엔드 개발자 3년 이상(JAVA)	에코트로닉스	added
https://www.wanted.co.kr/wd/267268	2026-05-11	web-verified	백엔드 개발자 (3년 이상)	미니게이트	added
https://www.wanted.co.kr/wd/264169	2026-05-11	web-verified	Spring Boot 백엔드 개발자	KAYPLE	added
https://www.wanted.co.kr/wd/230892	2026-05-11	web-verified	백엔드 개발자 (3년이상)	앵커스	added
https://www.wanted.co.kr/wd/291402	2026-05-12	web-verified-public-sector	백엔드/서버 개발자 (5~20년)	아콘소프트	added
https://www.wanted.co.kr/wd/182607	2026-05-12	web-verified-public-sector	공공분야 java 개발자	퍼스트정보	added
https://www.wanted.co.kr/wd/34434	2026-05-12	web-verified-public-sector	통합금융시스템 백엔드 엔지니어	윙크스톤파트너스	added
https://www.wanted.co.kr/wd/126733	2026-05-12	web-verified-public-sector	백엔드 개발자 (Backend Developer)	브레스커뮤니케이션즈	added
https://cafe.naver.com/f-e/cafes/31258781/articles/34061	2026-05-13	naver-cafe-api	[경력] ~상시 / 넵튠 - 솔루션개발실 백엔드개발자	Naver Cafe Workhub	skipped_dup
https://www.wanted.co.kr/wd/232090	2026-05-13	web-verified	자동화 노코드 툴 JAVA 백엔드 개발자 (3년 이상)	바티에이아이	added
https://www.wanted.co.kr/wd/342738	2026-05-13	web-verified	백엔드 엔지니어	도이치모터스	added
https://www.wanted.co.kr/wd/284570	2026-05-13	web-verified	백엔드 개발자 (3년 이상)	셀렉트스타	added
https://www.wanted.co.kr/wd/318507	2026-05-13	web-verified-public-service	백엔드 개발 (3년 이상)	웰로	added
https://cafe.naver.com/f-e/cafes/31258781/articles/34099	2026-05-13	naver-cafe-api	[경력] ~상시 / 넵튠 - 솔루션개발실 백엔드개발자	Naver Cafe Workhub	added
https://zighang.com/recruitment/10fb5665-e601-491e-81a3-12e0ccf20af8	2026-05-13	zighang-api	백엔드 개발자 (Java / Kotlin / Spring Boot)	아스토나파트너스	added
https://zighang.com/recruitment/46bb587a-98ab-4fac-9e95-32f34360b773	2026-05-13	zighang-api	백엔드 개발자	트리플오스	added
https://zighang.com/recruitment/3ca2a6bd-3d03-4689-a3a6-64d47a719f93	2026-05-13	zighang-api	[디지털헬스케어] 코틀린/스프링(Kotlin/Spring) 백엔드 개발자 채용	비욘드메디슨	added
https://cafe.naver.com/f-e/cafes/31258781/articles/34181	2026-05-16	naver-cafe-api	~상시 / 카카오스타일｜백엔드 개발자 (물류 시스템)	Naver Cafe Workhub	added
https://www.wanted.co.kr/wd/362063	2026-05-16	wanted-api	[개발] 백엔드 서비스 개발 매니저	벳칭	added
https://www.wanted.co.kr/wd/361662	2026-05-16	wanted-api	Backend Engineer (AI Platform) 3~5년	딥오토	added
https://www.wanted.co.kr/wd/361643	2026-05-16	wanted-api	ASP개발팀 백엔드 개발자	오케이포스	added
https://zighang.com/recruitment/e1167024-6218-4701-bfb1-7d2b93fd20a5	2026-05-16	zighang-api	백엔드 엔지니어	코드잇	added
https://www.wanted.co.kr/wd/361886	2026-05-16	wanted-api	백엔드 개발자 (Nest.js)	클래스어라운드	skipped_title
https://www.wanted.co.kr/wd/361532	2026-05-16	wanted-api	백엔드 개발자	퍼플아카데미	skipped_title
https://cafe.naver.com/f-e/cafes/31258781/articles/34179	2026-05-16	naver-cafe-api	[경력] ~상시 / 오렌지스퀘어 - 시니어 백엔드 엔지니어	Naver Cafe Workhub	skipped_seniority
https://zighang.com/recruitment/8db51b1d-4d97-43bb-8ff2-da7ba51f2651	2026-05-16	zighang-api	백엔드 엔지니어	바이옴에이츠	skipped_seniority
https://zighang.com/recruitment/743260d9-0bba-470a-aa8d-7c9aa5d570e8	2026-05-16	zighang-api	백엔드 엔지니어	한국딥러닝	skipped_seniority
https://zighang.com/recruitment/2fb71b5a-537d-499d-9ab1-e44b0f997d9c	2026-05-16	zighang-api	백엔드 엔지니어	카카오픽코마	skipped_seniority
https://cafe.naver.com/f-e/cafes/31258781/articles/34379	2026-05-23	naver-cafe-api	[경력] ~상시 / 엠케이교육 - [퓨즈케이]풀스텍 개발자 (백엔드)	Naver Cafe Workhub	added
https://cafe.naver.com/f-e/cafes/31258781/articles/34374	2026-05-23	naver-cafe-api	[경력] ~상시 / 플레이스앤 - [네이버 계열사] 백엔드 엔지니어(시니어)	Naver Cafe Workhub	added
https://cafe.naver.com/f-e/cafes/31258781/articles/34345	2026-05-23	naver-cafe-api	[경력] ~상시 / 키노라이츠 - 백엔드 개발자(Nest.js)	Naver Cafe Workhub	added
https://cafe.naver.com/f-e/cafes/31258781/articles/34338	2026-05-23	naver-cafe-api	[경력] ~상시 / 아토머스(마인드카페) - [아토머스] 백엔드 개발자	Naver Cafe Workhub	added
https://www.wanted.co.kr/wd/364507	2026-05-28	wanted-api	백엔드 엔지니어 3년 이상	포스타입	added
https://www.wanted.co.kr/wd/364421	2026-05-28	wanted-api	백엔드 개발자	씨디알아이(CDRI)	added
https://www.wanted.co.kr/wd/364377	2026-05-28	wanted-api	Backend Engineer	데이터라이즈	added
https://www.wanted.co.kr/wd/364125	2026-05-28	wanted-api	[티머니모빌리티] 서버 및 SPA 개발	티머니	added
https://www.wanted.co.kr/wd/364110	2026-05-28	wanted-api	음악 서비스 백엔드 서버 개발자	드림어스컴퍼니	added
https://www.wanted.co.kr/wd/363967	2026-05-28	wanted-api	백엔드 개발자	청림인베스트	added
https://www.wanted.co.kr/wd/363940	2026-05-28	wanted-api	자율주행로봇 관제 시스템 백엔드 (서울)	폴라리스쓰리디	added
https://www.wanted.co.kr/wd/363679	2026-05-28	wanted-api	콘텐츠 플랫폼 백엔드 개발자	드림어스컴퍼니	added
https://www.wanted.co.kr/wd/364629	2026-05-28	wanted-api	풀스택 엔지니어(백엔드/3년이상)	모다플	added
https://www.wanted.co.kr/wd/363738	2026-05-28	wanted-api	Backend Engineer 3년 이상	페이퍼리	added
https://cafe.naver.com/f-e/cafes/31258781/articles/34493	2026-05-28	naver-cafe-api	[경력] ~상시 / 알고케어 - (150억 투자) 백엔드 엔지니어 (Backend Engineer)	Naver Cafe Workhub	added
https://cafe.naver.com/f-e/cafes/31258781/articles/34490	2026-05-28	naver-cafe-api	[경력] ~상시 / 악어에듀 - (주)악어에듀 백엔드 엔지니어 채용	Naver Cafe Workhub	added
https://cafe.naver.com/f-e/cafes/31258781/articles/34489	2026-05-28	naver-cafe-api	[경력] ~상시 / 요양의정석 - Backend Engineer [경력] - 요양의정석	Naver Cafe Workhub	added
https://cafe.naver.com/f-e/cafes/31258781/articles/34469	2026-05-28	naver-cafe-api	[경력] ~상시 / 리빌더에이아이 - [리빌더AI] 백엔드 개발자 (DevOps)	Naver Cafe Workhub	added
https://www.wanted.co.kr/wd/364630	2026-05-28	wanted-api	엔플라이유닛(무한의 계단) 백엔드개발자	넵튠	skipped_stack
https://www.wanted.co.kr/wd/364584	2026-05-28	wanted-api	[SwiftMR] Backend Engineer	에어스메디컬	skipped_stack
https://www.wanted.co.kr/wd/364551	2026-05-28	wanted-api	[비즈니스플랫폼팀] 백엔드 개발자	이공이공	skipped_stack
https://www.wanted.co.kr/wd/364460	2026-05-28	wanted-api	Backend Engineer (AI Infrastructure SaaS)	제틱에이아이	skipped_stack
https://www.wanted.co.kr/wd/363962	2026-05-28	wanted-api	[AX Workflow Builder] 백엔드 엔지니어	콕스웨이브	skipped_seniority
https://www.wanted.co.kr/wd/363941	2026-05-28	wanted-api	자율주행로봇 관제 시스템 백엔드 (포항)	폴라리스쓰리디	skipped_location
https://www.wanted.co.kr/wd/363772	2026-05-28	wanted-api	Node.js 백엔드 개발자	다온더케어	skipped_title
https://cafe.naver.com/f-e/cafes/31258781/articles/34491	2026-05-28	naver-cafe-api	[경력] ~상시 / 아스타 - 백엔드 / AI Product Builder (5년 이상)	Naver Cafe Workhub	skipped_seniority
https://www.wanted.co.kr/wd/365016	2026-05-31	wanted-api	신사업실 백엔드개발자	넵튠	added
https://www.wanted.co.kr/wd/364879	2026-05-31	wanted-api	백엔드 개발자 (3년 이상)	와이즈버즈	added
https://cafe.naver.com/f-e/cafes/31258781/articles/34507	2026-05-31	naver-cafe-api	[경력] ~26.06.11 / 한화 - [한화생명] IT개발팀 'Backend Developer' 경력채용(사원~대리)	Naver Cafe Workhub	added
https://cafe.naver.com/f-e/cafes/31258781/articles/34513	2026-05-31	naver-cafe-api	[경력] ~상시 / 유모스원 - Backend Engineer (TMS)	Naver Cafe Workhub	added
https://www.wanted.co.kr/wd/365079	2026-05-31	wanted-api	미프팀 백엔드개발자	넵튠	skipped_stack
https://www.wanted.co.kr/wd/364991	2026-05-31	wanted-api	백엔드개발(3년이상)	럭스로보	skipped_stack
https://www.wanted.co.kr/wd/364872	2026-05-31	wanted-api	백엔드 중심 풀스택 개발자 (3년 이상)	고래사	skipped_stack
https://www.wanted.co.kr/wd/364108	2026-05-31	wanted-api	전략사업단 백엔드개발	오케이포스	skipped_stack
https://cafe.naver.com/f-e/cafes/31258781/articles/34512	2026-05-31	naver-cafe-api	[경력] ~상시 / 제틱에이아이 - Backend Engineer (AI Infrastructure SaaS)	Naver Cafe Workhub	skipped_dup
https://cafe.naver.com/f-e/cafes/31258781/articles/34526	2026-05-31	naver-cafe-api	[경력] ~26.05.31 / 뱅크웨어글로벌 - 사내 ERP개발자 (웹 풀스택)	Naver Cafe Workhub	skipped_expiring
https://cafe.naver.com/f-e/cafes/31258781/articles/34533	2026-05-31	naver-cafe-api	[경력] ~상시 / 넵튠 - 신사업실 백엔드개발자	Naver Cafe Workhub	skipped_dup
https://cafe.naver.com/f-e/cafes/31258781/articles/35137	2026-06-20	naver-cafe-api	[경력] ~채용시마감 / 프리즘투자자문 - 백엔드 엔지니어(C# Python)	Naver Cafe Workhub	added
https://cafe.naver.com/f-e/cafes/31258781/articles/35123	2026-06-20	naver-cafe-api	[경력] ~상시 / 오렌지스퀘어 - 시니어 백엔드 엔지니어	Naver Cafe Workhub	added
https://cafe.naver.com/f-e/cafes/31258781/articles/35122	2026-06-20	naver-cafe-api	[경력] ~채용시마감 / 미소 - 백엔드 개발자 (Node.js / 5년 이상)	Naver Cafe Workhub	added
https://cafe.naver.com/f-e/cafes/31258781/articles/35099	2026-06-20	naver-cafe-api	[경력] ~상시 / 알티너스 - Backend Engineer	Naver Cafe Workhub p2	added
https://cafe.naver.com/f-e/cafes/31258781/articles/35068	2026-06-20	naver-cafe-api	[경력] ~상시 / 더페어글로벌 - 백엔드 개발자 (Python)	Naver Cafe Workhub p2	added
https://cafe.naver.com/f-e/cafes/31258781/articles/35057	2026-06-20	naver-cafe-api	~상시 / LINE Pay Plus｜LINE Pay Server Engineer	Naver Cafe Workhub p2	added	경력
https://cafe.naver.com/f-e/cafes/31258781/articles/34966	2026-06-20	naver-cafe-api	~상시 / 헥토｜백엔드 개발자 (경력)	Naver Cafe Workhub p5	added	경력
https://cafe.naver.com/f-e/cafes/31258781/articles/34947	2026-06-20	naver-cafe-api	~상시 / 빅파이어게임즈｜[정규직] 서버 프로그래머 모집	Naver Cafe Workhub p5	added	경력
https://cafe.naver.com/f-e/cafes/31258781/articles/35004	2026-06-20	naver-cafe-api	[경력] ~26.07.31 / 어스얼라이언스 - 백엔드 엔지니어 (3년 이상)	Naver Cafe Workhub p4	added
https://cafe.naver.com/f-e/cafes/31258781/articles/34998	2026-06-20	naver-cafe-api	[경력] ~상시 / 아이씨티케이 - 디바이스 인증/통합 솔루션 개발(서버영역)	Naver Cafe Workhub p4	added
https://cafe.naver.com/f-e/cafes/31258781/articles/34983	2026-06-20	naver-cafe-api	[경력] ~채용시마감 / 테크타카 - Software Engineer (Backend)	Naver Cafe Workhub p4	added
https://cafe.naver.com/f-e/cafes/31258781/articles/34978	2026-06-20	naver-cafe-api	[신입 및 경력] ~상시 / 미리디 - [미리디] 백엔드 개발자 - 이미지 프로세싱	Naver Cafe Workhub p4	added
https://cafe.naver.com/f-e/cafes/31258781/articles/35016	2026-06-20	naver-cafe-api	~상시 / 레브잇｜[올웨이즈] Software Engineer (Backend/3년이상)	Naver Cafe Workhub p3	added	경력
https://cafe.naver.com/f-e/cafes/31258781/articles/35014	2026-06-20	naver-cafe-api	[신입 및 경력] ~상시 / 테크타카 - Software Engineer (Backend)_신입	Naver Cafe Workhub p3	added
https://cafe.naver.com/f-e/cafes/31258781/articles/35013	2026-06-20	naver-cafe-api	[경력] ~26.07.31 / CJ올리브네트웍스 - [경력] CJ ONE 회원 서비스 백엔드 개발자	Naver Cafe Workhub p3	added
https://zighang.com/recruitment/1e945983-f47b-4706-88f3-ccc5eae7843b	2026-06-20	local-parser	백엔드 개발자 경력+신입 모집합니다. 채용	유에스소프트(USSOFT)	added	울산
https://www.saramin.co.kr/zf_user/jobs/relay/view?view_type=search&rec_idx=54229462&location=ts&searchword=%EB%B0%B1%EC%97%94%EB%93%9C+Java+Spring&searchType=search&paid_fl=n&search_uuid=bc38e7d0-a42d-439a-a2c2-0872cc1dbb50	2026-06-20	local-parser	[타이드스퀘어] Java Backend Engineer 경력 채용	주식회사타이드스퀘어투어비스	added	서울 중구
https://www.saramin.co.kr/zf_user/jobs/relay/view?view_type=search&rec_idx=54228463&location=ts&searchword=%EB%B0%B1%EC%97%94%EB%93%9C+Java+Spring&searchType=search&paid_fl=n&search_uuid=bc38e7d0-a42d-439a-a2c2-0872cc1dbb50	2026-06-20	local-parser	서버 개발자 - 스테이블코인 발행/유통	(주)카카오페이	added	경기 성남시 분당구
https://www.saramin.co.kr/zf_user/jobs/relay/view?view_type=search&rec_idx=54228459&location=ts&searchword=%EB%B0%B1%EC%97%94%EB%93%9C+Java+Spring&searchType=search&paid_fl=n&search_uuid=bc38e7d0-a42d-439a-a2c2-0872cc1dbb50	2026-06-20	local-parser	(주)넷트루컨설팅그룹 AX전략사업부 개발파트 SI백엔드 연동개발	(주)넷트루컨설팅그룹	added	서울 서초구
https://www.saramin.co.kr/zf_user/jobs/relay/view?view_type=search&rec_idx=54228391&location=ts&searchword=%EB%B0%B1%EC%97%94%EB%93%9C+Java+Spring&searchType=search&paid_fl=n&search_uuid=bc38e7d0-a42d-439a-a2c2-0872cc1dbb50	2026-06-20	local-parser	서버 개발자 - 결제 서비스	(주)카카오페이	added	경기 성남시 분당구
https://www.saramin.co.kr/zf_user/jobs/relay/view?view_type=search&rec_idx=54228034&location=ts&searchword=%EB%B0%B1%EC%97%94%EB%93%9C+Java+Spring&searchType=search&paid_fl=n&search_uuid=bc38e7d0-a42d-439a-a2c2-0872cc1dbb50	2026-06-20	local-parser	(주)디오 AI Platform 백엔드/API 개발	(주)디오	added	서울 강서구
https://www.saramin.co.kr/zf_user/jobs/relay/view?view_type=search&rec_idx=54226481&location=ts&searchword=%EB%B0%B1%EC%97%94%EB%93%9C+Java+Spring&searchType=search&paid_fl=n&search_uuid=bc38e7d0-a42d-439a-a2c2-0872cc1dbb50	2026-06-20	local-parser	[주4.5일근무] 백엔드 개발자	(주)모비소프트	added	서울 구로구
https://www.saramin.co.kr/zf_user/jobs/relay/view?view_type=search&rec_idx=54225341&location=ts&searchword=%EB%B0%B1%EC%97%94%EB%93%9C+Java+Spring&searchType=search&paid_fl=n&search_uuid=bc38e7d0-a42d-439a-a2c2-0872cc1dbb50	2026-06-20	local-parser	백엔드 개발자 팀원	(주)테크랩스	added	서울 강남구
https://www.saramin.co.kr/zf_user/jobs/relay/view?view_type=search&rec_idx=54223664&location=ts&searchword=%EB%B0%B1%EC%97%94%EB%93%9C+Java+Spring&searchType=search&paid_fl=n&search_uuid=bc38e7d0-a42d-439a-a2c2-0872cc1dbb50	2026-06-20	local-parser	보험분야 JAVA 백엔드 시니어 개발자 구인	(주)웹라이트	added	서울 강남구
https://www.saramin.co.kr/zf_user/jobs/relay/view?view_type=search&rec_idx=54223398&location=ts&searchword=%EB%B0%B1%EC%97%94%EB%93%9C+Java+Spring&searchType=search&paid_fl=n&search_uuid=bc38e7d0-a42d-439a-a2c2-0872cc1dbb50	2026-06-20	local-parser	[보이는ARS콜게이트] JAVA 웹 개발 신입/경력(10년이하)	(주)콜게이트	added	서울 서초구
https://www.saramin.co.kr/zf_user/jobs/relay/view?view_type=search&rec_idx=54219567&location=ts&searchword=%EB%B0%B1%EC%97%94%EB%93%9C+Java+Spring&searchType=search&paid_fl=n&search_uuid=bc38e7d0-a42d-439a-a2c2-0872cc1dbb50	2026-06-20	local-parser	[5년 이상] 환경분야 Back-End 개발자	(주)유티이씨	added	서울 영등포구
https://www.saramin.co.kr/zf_user/jobs/relay/view?view_type=search&rec_idx=54230857&location=ts&searchword=Java+Backend+Engineer&searchType=search&paid_fl=n&search_uuid=4ad03273-2510-492a-bb56-7c0f3cdaf1c9	2026-06-20	local-parser	[정규직/영등포] 유명기업 AI플랫폼 백엔드 개발자 경력 채용	(주)키스템프그룹	added	서울 영등포구
https://www.saramin.co.kr/zf_user/jobs/relay/view?view_type=search&rec_idx=54218713&location=ts&searchword=Java+Backend+Engineer&searchType=search&paid_fl=n&search_uuid=4ad03273-2510-492a-bb56-7c0f3cdaf1c9	2026-06-20	local-parser	백엔드 엔지니어(C# Python) 채용(유연근무)	(주)프리즘투자자문	added	서울 강남구
https://www.saramin.co.kr/zf_user/jobs/relay/view?view_type=search&rec_idx=54217541&location=ts&searchword=Java+Backend+Engineer&searchType=search&paid_fl=n&search_uuid=4ad03273-2510-492a-bb56-7c0f3cdaf1c9	2026-06-20	local-parser	2026년 ㈜시스메이트 서버소프트웨어개발, 서비스 분석, 품질관리 채용	(주)시스메이트	added	대전 유성구
https://www.saramin.co.kr/zf_user/jobs/relay/view?view_type=search&rec_idx=54204377&location=ts&searchword=Java+Backend+Engineer&searchType=search&paid_fl=n&search_uuid=4ad03273-2510-492a-bb56-7c0f3cdaf1c9	2026-06-20	local-parser	백엔드 엔지니어(C# Python) 채용(일부재택/유연근무)	(주)프리즘투자자문	added	서울 강남구
https://www.saramin.co.kr/zf_user/jobs/relay/view?view_type=search&rec_idx=54201528&location=ts&searchword=Java+Backend+Engineer&searchType=search&paid_fl=n&search_uuid=4ad03273-2510-492a-bb56-7c0f3cdaf1c9	2026-06-20	local-parser	(주)위엠비 기술연구소 백엔드 엔지니어 경력 채용	(주)위엠비	added	서울 마포구
https://www.saramin.co.kr/zf_user/jobs/relay/view?view_type=search&rec_idx=54193248&location=ts&searchword=Java+Backend+Engineer&searchType=search&paid_fl=n&search_uuid=4ad03273-2510-492a-bb56-7c0f3cdaf1c9	2026-06-20	local-parser	[블록체인 기반 모빌리티 기업] 백엔드 엔지니어	(주)리앤파트너	added	서울 서초구
https://www.saramin.co.kr/zf_user/jobs/relay/view?view_type=search&rec_idx=54190689&location=ts&searchword=Java+Backend+Engineer&searchType=search&paid_fl=n&search_uuid=4ad03273-2510-492a-bb56-7c0f3cdaf1c9	2026-06-20	local-parser	[신입/경력] 백엔드 개발자 채용	이데아텍(주)	added	서울 서초구
https://www.saramin.co.kr/zf_user/jobs/relay/view?view_type=search&rec_idx=54190641&location=ts&searchword=Java+Backend+Engineer&searchType=search&paid_fl=n&search_uuid=4ad03273-2510-492a-bb56-7c0f3cdaf1c9	2026-06-20	local-parser	GeoAI Platform Backend Engineer	(주)스패이드	added	서울 강남구
https://www.saramin.co.kr/zf_user/jobs/relay/view?view_type=search&rec_idx=54214454&location=ts&searchword=Kotlin+Spring+%EB%B0%B1%EC%97%94%EB%93%9C&searchType=search&paid_fl=n&search_uuid=5960c413-f057-4bed-bde6-2fead3e89207	2026-06-20	local-parser	병원 솔루션(B2B SaaS) 백엔드 개발자(유명 의료플랫폼)	(주)엔엠에스컨설팅	added	서울 강남구
https://www.saramin.co.kr/zf_user/jobs/relay/view?view_type=search&rec_idx=54211558&location=ts&searchword=Kotlin+Spring+%EB%B0%B1%EC%97%94%EB%93%9C&searchType=search&paid_fl=n&search_uuid=5960c413-f057-4bed-bde6-2fead3e89207	2026-06-20	local-parser	Server Developer(여신)	토스뱅크(주)	added	서울 강남구
https://www.saramin.co.kr/zf_user/jobs/relay/view?view_type=search&rec_idx=54203139&location=ts&searchword=Kotlin+Spring+%EB%B0%B1%EC%97%94%EB%93%9C&searchType=search&paid_fl=n&search_uuid=5960c413-f057-4bed-bde6-2fead3e89207	2026-06-20	local-parser	JAVA Back-end 개발자 모집(신입지원 가능)	스마트핀텍(주)	added	서울 강남구
https://www.saramin.co.kr/zf_user/jobs/relay/view?view_type=search&rec_idx=54191099&location=ts&searchword=Kotlin+Spring+%EB%B0%B1%EC%97%94%EB%93%9C&searchType=search&paid_fl=n&search_uuid=5960c413-f057-4bed-bde6-2fead3e89207	2026-06-20	local-parser	[트립비토즈] 호텔(B2B) 시스템 Back-end 개발자 채용	(주)트립비토즈	added	서울 강남구
https://www.saramin.co.kr/zf_user/jobs/relay/view?view_type=search&rec_idx=54187555&location=ts&searchword=Kotlin+Spring+%EB%B0%B1%EC%97%94%EB%93%9C&searchType=search&paid_fl=n&search_uuid=5960c413-f057-4bed-bde6-2fead3e89207	2026-06-20	local-parser	[IT/엔지니어] Backend Engineer 2	로버트월터스코리아(주)	added	서울 중구
https://www.saramin.co.kr/zf_user/jobs/relay/view?view_type=search&rec_idx=54180564&location=ts&searchword=Kotlin+Spring+%EB%B0%B1%EC%97%94%EB%93%9C&searchType=search&paid_fl=n&search_uuid=5960c413-f057-4bed-bde6-2fead3e89207	2026-06-20	local-parser	[STL] 스타트투데이 백엔드 개발자 채용	(주)에스티엘	added	서울 강서구
https://www.saramin.co.kr/zf_user/jobs/relay/view?view_type=search&rec_idx=54170057&location=ts&searchword=Kotlin+Spring+%EB%B0%B1%EC%97%94%EB%93%9C&searchType=search&paid_fl=n&search_uuid=5960c413-f057-4bed-bde6-2fead3e89207	2026-06-20	local-parser	웹/앱 프런트 및 백엔드 프로그래머를 모십니다.	㈜폴리큐브	added	서울 강남구
https://www.saramin.co.kr/zf_user/jobs/relay/view?view_type=search&rec_idx=54157256&location=ts&searchword=Kotlin+Spring+%EB%B0%B1%EC%97%94%EB%93%9C&searchType=search&paid_fl=n&search_uuid=5960c413-f057-4bed-bde6-2fead3e89207	2026-06-20	local-parser	응용시스템 개발 경력 모집 (소프트웨어 엔지니어/백엔드/앱)	유스엠(주)	added	서울 금천구
https://www.saramin.co.kr/zf_user/jobs/relay/view?view_type=search&rec_idx=54146338&location=ts&searchword=Kotlin+Spring+%EB%B0%B1%EC%97%94%EB%93%9C&searchType=search&paid_fl=n&search_uuid=5960c413-f057-4bed-bde6-2fead3e89207	2026-06-20	local-parser	백엔드 개발자 (경력/3년이상) 채용	(주)와이즈버즈	added	경기 성남시 수정구
https://www.saramin.co.kr/zf_user/jobs/relay/view?view_type=search&rec_idx=54142123&location=ts&searchword=Kotlin+Spring+%EB%B0%B1%EC%97%94%EB%93%9C&searchType=search&paid_fl=n&search_uuid=5960c413-f057-4bed-bde6-2fead3e89207	2026-06-20	local-parser	Server(그로스프로덕트)	(주)우아한형제들	added	서울 송파구
https://www.saramin.co.kr/zf_user/jobs/relay/view?view_type=search&rec_idx=54107769&location=ts&searchword=Kotlin+Spring+%EB%B0%B1%EC%97%94%EB%93%9C&searchType=search&paid_fl=n&search_uuid=5960c413-f057-4bed-bde6-2fead3e89207	2026-06-20	local-parser	렌터카 관련 서비스 백엔드/서버 개발자 채용	(주)옥토앱시스	added	서울 송파구
https://www.saramin.co.kr/zf_user/jobs/relay/view?view_type=search&rec_idx=54090164&location=ts&searchword=Kotlin+Spring+%EB%B0%B1%EC%97%94%EB%93%9C&searchType=search&paid_fl=n&search_uuid=5960c413-f057-4bed-bde6-2fead3e89207	2026-06-20	local-parser	Spring 백앤드 개발자를 모집합니다	(주)뉴부싼카	added	부산 사상구
https://www.saramin.co.kr/zf_user/jobs/relay/view?view_type=search&rec_idx=54085892&location=ts&searchword=Kotlin+Spring+%EB%B0%B1%EC%97%94%EB%93%9C&searchType=search&paid_fl=n&search_uuid=5960c413-f057-4bed-bde6-2fead3e89207	2026-06-20	local-parser	[NHN KCP] 백엔드(API) 개발 담당	엔에이치엔케이씨피	added	서울 구로구
https://www.saramin.co.kr/zf_user/jobs/relay/view?view_type=search&rec_idx=54080044&location=ts&searchword=Kotlin+Spring+%EB%B0%B1%EC%97%94%EB%93%9C&searchType=search&paid_fl=n&search_uuid=5960c413-f057-4bed-bde6-2fead3e89207	2026-06-20	local-parser	[비즈&그로스 스쿼드] Back-end engineer - 10년 이상	(주)트래블월렛	added	서울 강남구
https://cafe.naver.com/f-e/cafes/31258781/articles/35182	2026-06-27	naver-cafe-api	~상시 / 덴티움｜[IT] 백엔드 SW개발	Naver Cafe Workhub p5	added	경력
https://cafe.naver.com/f-e/cafes/31258781/articles/35180	2026-06-27	naver-cafe-api	[경력] ~상시 / 마인드풀랩스 - 마음토스의 AI 케어 경험을 설계할 백엔드 엔지니어	Naver Cafe Workhub p5	added
https://cafe.naver.com/f-e/cafes/31258781/articles/35177	2026-06-27	naver-cafe-api	[경력] ~상시 / 크레도스파트너스 - IT 백엔드-대체투자관리 플랫폼 SaaS	Naver Cafe Workhub p5	added
https://cafe.naver.com/f-e/cafes/31258781/articles/35169	2026-06-27	naver-cafe-api	[경력] ~상시 / 셀타스퀘어 - 백엔드 개발자	Naver Cafe Workhub p5	added
https://cafe.naver.com/f-e/cafes/31258781/articles/35275	2026-06-27	naver-cafe-api	[경력] ~26.07.31 / 주밍코리아 - 반도체 장비 제어 3~5년차 백엔드 개발자	Naver Cafe Workhub p3	added
https://cafe.naver.com/f-e/cafes/31258781/articles/35270	2026-06-27	naver-cafe-api	[경력] ~26.06.29 / 메가스터디교육 - 백엔드 개발	Naver Cafe Workhub p3	added
https://cafe.naver.com/f-e/cafes/31258781/articles/35261	2026-06-27	naver-cafe-api	[경력] ~26.06.30 / 워트인텔리전스 - AX Backend Engineer (3년 이상)	Naver Cafe Workhub p3	added
https://cafe.naver.com/f-e/cafes/31258781/articles/35227	2026-06-27	naver-cafe-api	[경력] ~26.09.16 / 에이든랩 - Wasabi10 백엔드 개발자	Naver Cafe Workhub p4	added
https://cafe.naver.com/f-e/cafes/31258781/articles/35213	2026-06-27	naver-cafe-api	[경력] ~상시 / 페이히어 - 서버 엔지니어 (Kotlin/Spring)	Naver Cafe Workhub p4	added
https://cafe.naver.com/f-e/cafes/31258781/articles/35201	2026-06-27	naver-cafe-api	~상시 / 아이지에이웍스｜[디파이너리] 백엔드 엔지니어 (3년 이상)	Naver Cafe Workhub p4	added	경력
https://cafe.naver.com/f-e/cafes/31258781/articles/35195	2026-06-27	naver-cafe-api	[경력] ~상시 / 비브라이트코드 - 빌더(인프라, 백엔드 3년 이상)	Naver Cafe Workhub p4	added
https://cafe.naver.com/f-e/cafes/31258781/articles/35193	2026-06-27	naver-cafe-api	[신입 및 경력] ~상시 / 엔아이티서비스 - NAVER IDC 서버 운영/관리	Naver Cafe Workhub p4	added
https://cafe.naver.com/f-e/cafes/31258781/articles/35326	2026-06-27	naver-cafe-api	[경력] ~상시 / 큐픽스 - [엔터프라이즈 공간 지능 플랫폼] 백엔드 엔지니어(API파트)	Naver Cafe Workhub	added
https://cafe.naver.com/f-e/cafes/31258781/articles/35303	2026-06-27	naver-cafe-api	[경력] ~상시 / 르미 - [톤즈의원] 풀스택 특급 개발자 Spring · React.js · AI 자동화	Naver Cafe Workhub p2	added
https://cafe.naver.com/f-e/cafes/31258781/articles/35287	2026-06-27	naver-cafe-api	[경력] ~상시 / 에이엑스지(axz) - Daum 회원·커뮤니티 백엔드 개발자 (Java/Kotlin)	Naver Cafe Workhub p2	added
https://cafe.naver.com/f-e/cafes/31258781/articles/35285	2026-06-27	naver-cafe-api	[경력] ~26.06.30 / 같다(gatda Corp) - [빼기] ASIA NO.1 환경플랫폼 Server/Infra Engineer	Naver Cafe Workhub p2	added
https://www.saramin.co.kr/zf_user/jobs/relay/view?view_type=search&rec_idx=54294570&location=ts&searchword=%EB%B0%B1%EC%97%94%EB%93%9C+Java+Spring&searchType=search&paid_fl=n&search_uuid=de6a6b2c-6303-4696-96a6-8dfd544a5863	2026-06-27	local-parser	교통분야 (ITS/BIS) 서버 프로그램 개발 직무 채용	웨이즈원(주)	added	경기 의왕시
https://www.saramin.co.kr/zf_user/jobs/relay/view?view_type=search&rec_idx=54293776&location=ts&searchword=%EB%B0%B1%EC%97%94%EB%93%9C+Java+Spring&searchType=search&paid_fl=n&search_uuid=de6a6b2c-6303-4696-96a6-8dfd544a5863	2026-06-27	local-parser	(주)소프트프릭 경력사원(백엔드개발자) 모집	(주)소프트프릭	added	서울 서초구
https://www.saramin.co.kr/zf_user/jobs/relay/view?view_type=search&rec_idx=54293670&location=ts&searchword=%EB%B0%B1%EC%97%94%EB%93%9C+Java+Spring&searchType=search&paid_fl=n&search_uuid=de6a6b2c-6303-4696-96a6-8dfd544a5863	2026-06-27	local-parser	[안랩클라우드메이트] Java 개발자	(주)안랩클라우드메이트	added	경기 과천시
https://www.saramin.co.kr/zf_user/jobs/relay/view?view_type=search&rec_idx=54291790&location=ts&searchword=%EB%B0%B1%EC%97%94%EB%93%9C+Java+Spring&searchType=search&paid_fl=n&search_uuid=de6a6b2c-6303-4696-96a6-8dfd544a5863	2026-06-27	local-parser	[KG이니시스] 백엔드 개발자 정규직 채용	(주)케이지이니시스	added	서울 중구
https://www.saramin.co.kr/zf_user/jobs/relay/view?view_type=search&rec_idx=54290708&location=ts&searchword=%EB%B0%B1%EC%97%94%EB%93%9C+Java+Spring&searchType=search&paid_fl=n&search_uuid=de6a6b2c-6303-4696-96a6-8dfd544a5863	2026-06-27	local-parser	[E-7/F-2 비자 지원] 백엔드 개발자 (Java / Spring)	주식회사 워크포트	added	경기 성남시 수정구
https://www.saramin.co.kr/zf_user/jobs/relay/view?view_type=search&rec_idx=54290149&location=ts&searchword=%EB%B0%B1%EC%97%94%EB%93%9C+Java+Spring&searchType=search&paid_fl=n&search_uuid=de6a6b2c-6303-4696-96a6-8dfd544a5863	2026-06-27	local-parser	[마크로버(주)] 경력 정규직 - Java 기반 웹개발자 채용	마크로버(주)	added	울산 남구
https://www.saramin.co.kr/zf_user/jobs/relay/view?view_type=search&rec_idx=54290036&location=ts&searchword=%EB%B0%B1%EC%97%94%EB%93%9C+Java+Spring&searchType=search&paid_fl=n&search_uuid=de6a6b2c-6303-4696-96a6-8dfd544a5863	2026-06-27	local-parser	JAVA 개발 경력자 채용 (넥사크로 개발경력 우대)	(주)이노베이스	added	경기 안양시 동안구
https://www.saramin.co.kr/zf_user/jobs/relay/view?view_type=search&rec_idx=54289752&location=ts&searchword=%EB%B0%B1%EC%97%94%EB%93%9C+Java+Spring&searchType=search&paid_fl=n&search_uuid=de6a6b2c-6303-4696-96a6-8dfd544a5863	2026-06-27	local-parser	아캐인(주)에서 백엔드 개발자와 함께 성장해요	아캐인(주)	added	서울 용산구
https://www.saramin.co.kr/zf_user/jobs/relay/view?view_type=search&rec_idx=54289546&location=ts&searchword=%EB%B0%B1%EC%97%94%EB%93%9C+Java+Spring&searchType=search&paid_fl=n&search_uuid=de6a6b2c-6303-4696-96a6-8dfd544a5863	2026-06-27	local-parser	백엔드 개발자 (경력)	(주)아인잡	added	서울 강남구
https://www.saramin.co.kr/zf_user/jobs/relay/view?view_type=search&rec_idx=54283801&location=ts&searchword=%EB%B0%B1%EC%97%94%EB%93%9C+Java+Spring&searchType=search&paid_fl=n&search_uuid=de6a6b2c-6303-4696-96a6-8dfd544a5863	2026-06-27	local-parser	[광주광역시] 플랫폼 백엔드 개발자 모집	(주)스튜디오질풍	added	광주 광산구
https://www.saramin.co.kr/zf_user/jobs/relay/view?view_type=search&rec_idx=54283278&location=ts&searchword=%EB%B0%B1%EC%97%94%EB%93%9C+Java+Spring&searchType=search&paid_fl=n&search_uuid=de6a6b2c-6303-4696-96a6-8dfd544a5863	2026-06-27	local-parser	Java 개발자 경력직 채용합니다.	(주)아이폰드솔루션	added	경남 거제시
https://www.saramin.co.kr/zf_user/jobs/relay/view?view_type=search&rec_idx=54282337&location=ts&searchword=%EB%B0%B1%EC%97%94%EB%93%9C+Java+Spring&searchType=search&paid_fl=n&search_uuid=de6a6b2c-6303-4696-96a6-8dfd544a5863	2026-06-27	local-parser	[플랫폼개발팀] Java 개발자	(주)델레오코리아	added	서울 강남구
https://www.saramin.co.kr/zf_user/jobs/relay/view?view_type=search&rec_idx=54296424&location=ts&searchword=Java+Backend+Engineer&searchType=search&paid_fl=n&search_uuid=4ae1e163-728d-4e55-a0bd-d9f4395d27a6	2026-06-27	local-parser	파이썬 백엔드 개발자(Python Backend Engineer) 채용 件	젯스퍼트(주)	added	경기 수원시 영통구
https://www.saramin.co.kr/zf_user/jobs/relay/view?view_type=search&rec_idx=54280332&location=ts&searchword=Kotlin+Spring+%EB%B0%B1%EC%97%94%EB%93%9C&searchType=search&paid_fl=n&search_uuid=ba63d35a-b279-40f7-979f-637ad6e5d0c7	2026-06-27	local-parser	[Weverse Company] 백엔드개발 (어카운트)	(주)위버스컴퍼니	added	경기 성남시 분당구
https://www.saramin.co.kr/zf_user/jobs/relay/view?view_type=search&rec_idx=54280203&location=ts&searchword=Kotlin+Spring+%EB%B0%B1%EC%97%94%EB%93%9C&searchType=search&paid_fl=n&search_uuid=ba63d35a-b279-40f7-979f-637ad6e5d0c7	2026-06-27	local-parser	[Weverse Company] Back-end (경력 무관)	(주)위버스컴퍼니	added	경기 성남시 분당구
https://www.saramin.co.kr/zf_user/jobs/relay/view?view_type=search&rec_idx=54279636&location=ts&searchword=Kotlin+Spring+%EB%B0%B1%EC%97%94%EB%93%9C&searchType=search&paid_fl=n&search_uuid=ba63d35a-b279-40f7-979f-637ad6e5d0c7	2026-06-27	local-parser	서버 개발자 - 스테이블코인 발행/유통	(주)카카오페이	added	경기 성남시 분당구
https://www.saramin.co.kr/zf_user/jobs/relay/view?view_type=search&rec_idx=54279631&location=ts&searchword=Kotlin+Spring+%EB%B0%B1%EC%97%94%EB%93%9C&searchType=search&paid_fl=n&search_uuid=ba63d35a-b279-40f7-979f-637ad6e5d0c7	2026-06-27	local-parser	서버 개발자 - 결제 서비스	(주)카카오페이	added	경기 성남시 분당구
https://www.saramin.co.kr/zf_user/jobs/relay/view?view_type=search&rec_idx=54279165&location=ts&searchword=Kotlin+Spring+%EB%B0%B1%EC%97%94%EB%93%9C&searchType=search&paid_fl=n&search_uuid=ba63d35a-b279-40f7-979f-637ad6e5d0c7	2026-06-27	local-parser	[설로인] 백엔드 개발자	설로인(주)	added	경기 군포시
https://www.saramin.co.kr/zf_user/jobs/relay/view?view_type=search&rec_idx=54279026&location=ts&searchword=Kotlin+Spring+%EB%B0%B1%EC%97%94%EB%93%9C&searchType=search&paid_fl=n&search_uuid=ba63d35a-b279-40f7-979f-637ad6e5d0c7	2026-06-27	local-parser	[homedot] 시니어 백엔드 개발자 채용	(주)알스퀘어	added	서울 서초구
https://www.saramin.co.kr/zf_user/jobs/relay/view?view_type=search&rec_idx=54266082&location=ts&searchword=Kotlin+Spring+%EB%B0%B1%EC%97%94%EB%93%9C&searchType=search&paid_fl=n&search_uuid=ba63d35a-b279-40f7-979f-637ad6e5d0c7	2026-06-27	local-parser	[토스인슈어런스] Server Developer	(주)비바리퍼블리카	added	서울 구로구
https://www.saramin.co.kr/zf_user/jobs/relay/view?view_type=search&rec_idx=54256803&location=ts&searchword=Kotlin+Spring+%EB%B0%B1%EC%97%94%EB%93%9C&searchType=search&paid_fl=n&search_uuid=ba63d35a-b279-40f7-979f-637ad6e5d0c7	2026-06-27	local-parser	[핀테크] Java/Kotlin 백엔드 개발자 채용공고	(주)핀테크	added	서울 영등포구
https://www.saramin.co.kr/zf_user/jobs/relay/view?view_type=search&rec_idx=54255470&location=ts&searchword=Kotlin+Spring+%EB%B0%B1%EC%97%94%EB%93%9C&searchType=search&paid_fl=n&search_uuid=ba63d35a-b279-40f7-979f-637ad6e5d0c7	2026-06-27	local-parser	인공지능 의료 진단 솔루션 백엔드 개발자	(주)아이도트	added	서울 송파구
https://www.saramin.co.kr/zf_user/jobs/relay/view?view_type=search&rec_idx=54246280&location=ts&searchword=Kotlin+Spring+%EB%B0%B1%EC%97%94%EB%93%9C&searchType=search&paid_fl=n&search_uuid=ba63d35a-b279-40f7-979f-637ad6e5d0c7	2026-06-27	local-parser	콘텐츠 플랫폼 백엔드 개발자 채용	(주)드림어스컴퍼니	added	서울 강남구
https://www.saramin.co.kr/zf_user/jobs/relay/view?view_type=search&rec_idx=54246057&location=ts&searchword=Kotlin+Spring+%EB%B0%B1%EC%97%94%EB%93%9C&searchType=search&paid_fl=n&search_uuid=ba63d35a-b279-40f7-979f-637ad6e5d0c7	2026-06-27	local-parser	음악 서비스 백엔드 서버 개발자 채용	(주)드림어스컴퍼니	added	서울 강남구
https://www.saramin.co.kr/zf_user/jobs/relay/view?view_type=search&rec_idx=54246053&location=ts&searchword=Kotlin+Spring+%EB%B0%B1%EC%97%94%EB%93%9C&searchType=search&paid_fl=n&search_uuid=ba63d35a-b279-40f7-979f-637ad6e5d0c7	2026-06-27	local-parser	Product Server(Backend) Engineer를 찾고 있습니다	(주)브이엠에스홀딩스	added	서울 강서구
https://www.saramin.co.kr/zf_user/jobs/relay/view?view_type=search&rec_idx=54226481&location=ts&searchword=Kotlin+Spring+%EB%B0%B1%EC%97%94%EB%93%9C&searchType=search&paid_fl=n&search_uuid=ba63d35a-b279-40f7-979f-637ad6e5d0c7	2026-06-27	local-parser	[주4.5일근무] 백엔드 개발자	(주)모비소프트	added	서울 구로구
https://www.saramin.co.kr/zf_user/jobs/relay/view?view_type=search&rec_idx=54214454&location=ts&searchword=Kotlin+Spring+%EB%B0%B1%EC%97%94%EB%93%9C&searchType=search&paid_fl=n&search_uuid=ba63d35a-b279-40f7-979f-637ad6e5d0c7	2026-06-27	local-parser	병원 솔루션(B2B SaaS) 백엔드 개발자(유명 의료플랫폼)	(주)엔엠에스컨설팅	added	서울 강남구
https://www.saramin.co.kr/zf_user/jobs/relay/view?view_type=search&rec_idx=54211558&location=ts&searchword=Kotlin+Spring+%EB%B0%B1%EC%97%94%EB%93%9C&searchType=search&paid_fl=n&search_uuid=ba63d35a-b279-40f7-979f-637ad6e5d0c7	2026-06-27	local-parser	Server Developer(여신)	토스뱅크(주)	added	서울 강남구
https://www.saramin.co.kr/zf_user/jobs/relay/view?view_type=search&rec_idx=54203139&location=ts&searchword=Kotlin+Spring+%EB%B0%B1%EC%97%94%EB%93%9C&searchType=search&paid_fl=n&search_uuid=ba63d35a-b279-40f7-979f-637ad6e5d0c7	2026-06-27	local-parser	JAVA Back-end 개발자 모집(신입지원 가능)	스마트핀텍(주)	added	서울 강남구
https://www.saramin.co.kr/zf_user/jobs/relay/view?view_type=search&rec_idx=54191099&location=ts&searchword=Kotlin+Spring+%EB%B0%B1%EC%97%94%EB%93%9C&searchType=search&paid_fl=n&search_uuid=ba63d35a-b279-40f7-979f-637ad6e5d0c7	2026-06-27	local-parser	[트립비토즈] 호텔(B2B) 시스템 Back-end 개발자 채용	(주)트립비토즈	added	서울 강남구
https://www.saramin.co.kr/zf_user/jobs/relay/view?view_type=search&rec_idx=54187555&location=ts&searchword=Kotlin+Spring+%EB%B0%B1%EC%97%94%EB%93%9C&searchType=search&paid_fl=n&search_uuid=ba63d35a-b279-40f7-979f-637ad6e5d0c7	2026-06-27	local-parser	[IT/엔지니어] Backend Engineer 2	로버트월터스코리아(주)	added	서울 중구
https://www.saramin.co.kr/zf_user/jobs/relay/view?view_type=search&rec_idx=54294570&location=ts&searchword=%EB%B0%B1%EC%97%94%EB%93%9C+Java+Spring&searchType=search&paid_fl=n&search_uuid=9246bfbf-1def-4f4b-a750-1471b3aad682	2026-06-27	local-parser	교통분야 (ITS/BIS) 서버 프로그램 개발 직무 채용	웨이즈원(주)	added	경기 의왕시
https://www.saramin.co.kr/zf_user/jobs/relay/view?view_type=search&rec_idx=54293776&location=ts&searchword=%EB%B0%B1%EC%97%94%EB%93%9C+Java+Spring&searchType=search&paid_fl=n&search_uuid=9246bfbf-1def-4f4b-a750-1471b3aad682	2026-06-27	local-parser	(주)소프트프릭 경력사원(백엔드개발자) 모집	(주)소프트프릭	added	서울 서초구
https://www.saramin.co.kr/zf_user/jobs/relay/view?view_type=search&rec_idx=54293670&location=ts&searchword=%EB%B0%B1%EC%97%94%EB%93%9C+Java+Spring&searchType=search&paid_fl=n&search_uuid=9246bfbf-1def-4f4b-a750-1471b3aad682	2026-06-27	local-parser	[안랩클라우드메이트] Java 개발자	(주)안랩클라우드메이트	added	경기 과천시
https://www.saramin.co.kr/zf_user/jobs/relay/view?view_type=search&rec_idx=54291790&location=ts&searchword=%EB%B0%B1%EC%97%94%EB%93%9C+Java+Spring&searchType=search&paid_fl=n&search_uuid=9246bfbf-1def-4f4b-a750-1471b3aad682	2026-06-27	local-parser	[KG이니시스] 백엔드 개발자 정규직 채용	(주)케이지이니시스	added	서울 중구
https://www.saramin.co.kr/zf_user/jobs/relay/view?view_type=search&rec_idx=54290708&location=ts&searchword=%EB%B0%B1%EC%97%94%EB%93%9C+Java+Spring&searchType=search&paid_fl=n&search_uuid=9246bfbf-1def-4f4b-a750-1471b3aad682	2026-06-27	local-parser	[E-7/F-2 비자 지원] 백엔드 개발자 (Java / Spring)	주식회사 워크포트	added	경기 성남시 수정구
https://www.saramin.co.kr/zf_user/jobs/relay/view?view_type=search&rec_idx=54290149&location=ts&searchword=%EB%B0%B1%EC%97%94%EB%93%9C+Java+Spring&searchType=search&paid_fl=n&search_uuid=9246bfbf-1def-4f4b-a750-1471b3aad682	2026-06-27	local-parser	[마크로버(주)] 경력 정규직 - Java 기반 웹개발자 채용	마크로버(주)	added	울산 남구
https://www.saramin.co.kr/zf_user/jobs/relay/view?view_type=search&rec_idx=54290036&location=ts&searchword=%EB%B0%B1%EC%97%94%EB%93%9C+Java+Spring&searchType=search&paid_fl=n&search_uuid=9246bfbf-1def-4f4b-a750-1471b3aad682	2026-06-27	local-parser	JAVA 개발 경력자 채용 (넥사크로 개발경력 우대)	(주)이노베이스	added	경기 안양시 동안구
https://www.saramin.co.kr/zf_user/jobs/relay/view?view_type=search&rec_idx=54289752&location=ts&searchword=%EB%B0%B1%EC%97%94%EB%93%9C+Java+Spring&searchType=search&paid_fl=n&search_uuid=9246bfbf-1def-4f4b-a750-1471b3aad682	2026-06-27	local-parser	아캐인(주)에서 백엔드 개발자와 함께 성장해요	아캐인(주)	added	서울 용산구
https://www.saramin.co.kr/zf_user/jobs/relay/view?view_type=search&rec_idx=54289546&location=ts&searchword=%EB%B0%B1%EC%97%94%EB%93%9C+Java+Spring&searchType=search&paid_fl=n&search_uuid=9246bfbf-1def-4f4b-a750-1471b3aad682	2026-06-27	local-parser	백엔드 개발자 (경력)	(주)아인잡	added	서울 강남구
https://www.saramin.co.kr/zf_user/jobs/relay/view?view_type=search&rec_idx=54283801&location=ts&searchword=%EB%B0%B1%EC%97%94%EB%93%9C+Java+Spring&searchType=search&paid_fl=n&search_uuid=9246bfbf-1def-4f4b-a750-1471b3aad682	2026-06-27	local-parser	[광주광역시] 플랫폼 백엔드 개발자 모집	(주)스튜디오질풍	added	광주 광산구
https://www.saramin.co.kr/zf_user/jobs/relay/view?view_type=search&rec_idx=54283278&location=ts&searchword=%EB%B0%B1%EC%97%94%EB%93%9C+Java+Spring&searchType=search&paid_fl=n&search_uuid=9246bfbf-1def-4f4b-a750-1471b3aad682	2026-06-27	local-parser	Java 개발자 경력직 채용합니다.	(주)아이폰드솔루션	added	경남 거제시
https://www.saramin.co.kr/zf_user/jobs/relay/view?view_type=search&rec_idx=54282337&location=ts&searchword=%EB%B0%B1%EC%97%94%EB%93%9C+Java+Spring&searchType=search&paid_fl=n&search_uuid=9246bfbf-1def-4f4b-a750-1471b3aad682	2026-06-27	local-parser	[플랫폼개발팀] Java 개발자	(주)델레오코리아	added	서울 강남구
https://www.saramin.co.kr/zf_user/jobs/relay/view?view_type=search&rec_idx=54296424&location=ts&searchword=Java+Backend+Engineer&searchType=search&paid_fl=n&search_uuid=7ab90f15-00df-4c0c-8d90-44910a201388	2026-06-27	local-parser	파이썬 백엔드 개발자(Python Backend Engineer) 채용 件	젯스퍼트(주)	added	경기 수원시 영통구
https://www.saramin.co.kr/zf_user/jobs/relay/view?view_type=search&rec_idx=54280332&location=ts&searchword=Kotlin+Spring+%EB%B0%B1%EC%97%94%EB%93%9C&searchType=search&paid_fl=n&search_uuid=8290ca0c-9153-4ae7-a308-97ae3a398865	2026-06-27	local-parser	[Weverse Company] 백엔드개발 (어카운트)	(주)위버스컴퍼니	added	경기 성남시 분당구
https://www.saramin.co.kr/zf_user/jobs/relay/view?view_type=search&rec_idx=54280203&location=ts&searchword=Kotlin+Spring+%EB%B0%B1%EC%97%94%EB%93%9C&searchType=search&paid_fl=n&search_uuid=8290ca0c-9153-4ae7-a308-97ae3a398865	2026-06-27	local-parser	[Weverse Company] Back-end (경력 무관)	(주)위버스컴퍼니	added	경기 성남시 분당구
https://www.saramin.co.kr/zf_user/jobs/relay/view?view_type=search&rec_idx=54279636&location=ts&searchword=Kotlin+Spring+%EB%B0%B1%EC%97%94%EB%93%9C&searchType=search&paid_fl=n&search_uuid=8290ca0c-9153-4ae7-a308-97ae3a398865	2026-06-27	local-parser	서버 개발자 - 스테이블코인 발행/유통	(주)카카오페이	added	경기 성남시 분당구
https://www.saramin.co.kr/zf_user/jobs/relay/view?view_type=search&rec_idx=54279631&location=ts&searchword=Kotlin+Spring+%EB%B0%B1%EC%97%94%EB%93%9C&searchType=search&paid_fl=n&search_uuid=8290ca0c-9153-4ae7-a308-97ae3a398865	2026-06-27	local-parser	서버 개발자 - 결제 서비스	(주)카카오페이	added	경기 성남시 분당구
https://www.saramin.co.kr/zf_user/jobs/relay/view?view_type=search&rec_idx=54279165&location=ts&searchword=Kotlin+Spring+%EB%B0%B1%EC%97%94%EB%93%9C&searchType=search&paid_fl=n&search_uuid=8290ca0c-9153-4ae7-a308-97ae3a398865	2026-06-27	local-parser	[설로인] 백엔드 개발자	설로인(주)	added	경기 군포시
https://www.saramin.co.kr/zf_user/jobs/relay/view?view_type=search&rec_idx=54279026&location=ts&searchword=Kotlin+Spring+%EB%B0%B1%EC%97%94%EB%93%9C&searchType=search&paid_fl=n&search_uuid=8290ca0c-9153-4ae7-a308-97ae3a398865	2026-06-27	local-parser	[homedot] 시니어 백엔드 개발자 채용	(주)알스퀘어	added	서울 서초구
https://www.saramin.co.kr/zf_user/jobs/relay/view?view_type=search&rec_idx=54266082&location=ts&searchword=Kotlin+Spring+%EB%B0%B1%EC%97%94%EB%93%9C&searchType=search&paid_fl=n&search_uuid=8290ca0c-9153-4ae7-a308-97ae3a398865	2026-06-27	local-parser	[토스인슈어런스] Server Developer	(주)비바리퍼블리카	added	서울 구로구
https://www.saramin.co.kr/zf_user/jobs/relay/view?view_type=search&rec_idx=54256803&location=ts&searchword=Kotlin+Spring+%EB%B0%B1%EC%97%94%EB%93%9C&searchType=search&paid_fl=n&search_uuid=8290ca0c-9153-4ae7-a308-97ae3a398865	2026-06-27	local-parser	[핀테크] Java/Kotlin 백엔드 개발자 채용공고	(주)핀테크	added	서울 영등포구
https://www.saramin.co.kr/zf_user/jobs/relay/view?view_type=search&rec_idx=54255470&location=ts&searchword=Kotlin+Spring+%EB%B0%B1%EC%97%94%EB%93%9C&searchType=search&paid_fl=n&search_uuid=8290ca0c-9153-4ae7-a308-97ae3a398865	2026-06-27	local-parser	인공지능 의료 진단 솔루션 백엔드 개발자	(주)아이도트	added	서울 송파구
https://www.saramin.co.kr/zf_user/jobs/relay/view?view_type=search&rec_idx=54246280&location=ts&searchword=Kotlin+Spring+%EB%B0%B1%EC%97%94%EB%93%9C&searchType=search&paid_fl=n&search_uuid=8290ca0c-9153-4ae7-a308-97ae3a398865	2026-06-27	local-parser	콘텐츠 플랫폼 백엔드 개발자 채용	(주)드림어스컴퍼니	added	서울 강남구
https://www.saramin.co.kr/zf_user/jobs/relay/view?view_type=search&rec_idx=54246057&location=ts&searchword=Kotlin+Spring+%EB%B0%B1%EC%97%94%EB%93%9C&searchType=search&paid_fl=n&search_uuid=8290ca0c-9153-4ae7-a308-97ae3a398865	2026-06-27	local-parser	음악 서비스 백엔드 서버 개발자 채용	(주)드림어스컴퍼니	added	서울 강남구
https://www.saramin.co.kr/zf_user/jobs/relay/view?view_type=search&rec_idx=54246053&location=ts&searchword=Kotlin+Spring+%EB%B0%B1%EC%97%94%EB%93%9C&searchType=search&paid_fl=n&search_uuid=8290ca0c-9153-4ae7-a308-97ae3a398865	2026-06-27	local-parser	Product Server(Backend) Engineer를 찾고 있습니다	(주)브이엠에스홀딩스	added	서울 강서구
https://www.saramin.co.kr/zf_user/jobs/relay/view?view_type=search&rec_idx=54226481&location=ts&searchword=Kotlin+Spring+%EB%B0%B1%EC%97%94%EB%93%9C&searchType=search&paid_fl=n&search_uuid=8290ca0c-9153-4ae7-a308-97ae3a398865	2026-06-27	local-parser	[주4.5일근무] 백엔드 개발자	(주)모비소프트	added	서울 구로구
https://www.saramin.co.kr/zf_user/jobs/relay/view?view_type=search&rec_idx=54214454&location=ts&searchword=Kotlin+Spring+%EB%B0%B1%EC%97%94%EB%93%9C&searchType=search&paid_fl=n&search_uuid=8290ca0c-9153-4ae7-a308-97ae3a398865	2026-06-27	local-parser	병원 솔루션(B2B SaaS) 백엔드 개발자(유명 의료플랫폼)	(주)엔엠에스컨설팅	added	서울 강남구
https://www.saramin.co.kr/zf_user/jobs/relay/view?view_type=search&rec_idx=54211558&location=ts&searchword=Kotlin+Spring+%EB%B0%B1%EC%97%94%EB%93%9C&searchType=search&paid_fl=n&search_uuid=8290ca0c-9153-4ae7-a308-97ae3a398865	2026-06-27	local-parser	Server Developer(여신)	토스뱅크(주)	added	서울 강남구
https://www.saramin.co.kr/zf_user/jobs/relay/view?view_type=search&rec_idx=54203139&location=ts&searchword=Kotlin+Spring+%EB%B0%B1%EC%97%94%EB%93%9C&searchType=search&paid_fl=n&search_uuid=8290ca0c-9153-4ae7-a308-97ae3a398865	2026-06-27	local-parser	JAVA Back-end 개발자 모집(신입지원 가능)	스마트핀텍(주)	added	서울 강남구
https://www.saramin.co.kr/zf_user/jobs/relay/view?view_type=search&rec_idx=54191099&location=ts&searchword=Kotlin+Spring+%EB%B0%B1%EC%97%94%EB%93%9C&searchType=search&paid_fl=n&search_uuid=8290ca0c-9153-4ae7-a308-97ae3a398865	2026-06-27	local-parser	[트립비토즈] 호텔(B2B) 시스템 Back-end 개발자 채용	(주)트립비토즈	added	서울 강남구
https://www.saramin.co.kr/zf_user/jobs/relay/view?view_type=search&rec_idx=54187555&location=ts&searchword=Kotlin+Spring+%EB%B0%B1%EC%97%94%EB%93%9C&searchType=search&paid_fl=n&search_uuid=8290ca0c-9153-4ae7-a308-97ae3a398865	2026-06-27	local-parser	[IT/엔지니어] Backend Engineer 2	로버트월터스코리아(주)	added	서울 중구
https://cafe.naver.com/f-e/cafes/31258781/articles/35413	2026-06-30	naver-cafe-api	~상시 / 코드잇｜백엔드 엔지니어	Naver Cafe Workhub	added	경력
https://cafe.naver.com/f-e/cafes/31258781/articles/35383	2026-06-30	naver-cafe-api	~상시 / 버킷플레이스(오늘의집)｜Backend Engineer, Commerce	Naver Cafe Workhub	added	경력
https://cafe.naver.com/f-e/cafes/31258781/articles/35382	2026-06-30	naver-cafe-api	~상시 / 버킷플레이스(오늘의집)｜Backend Engineer, User & Membership	Naver Cafe Workhub	added	경력
https://www.saramin.co.kr/zf_user/jobs/relay/view?view_type=search&rec_idx=54326955&location=ts&searchword=%EB%B0%B1%EC%97%94%EB%93%9C+Java+Spring&searchType=search&paid_fl=n&search_uuid=c11737b5-0728-4ebc-8618-83c506252ee8	2026-06-30	local-parser	백엔드 개발자(경력직) 모집	(주)키우소	added	충남 천안시 서북구
https://www.saramin.co.kr/zf_user/jobs/relay/view?view_type=search&rec_idx=54326373&location=ts&searchword=%EB%B0%B1%EC%97%94%EB%93%9C+Java+Spring&searchType=search&paid_fl=n&search_uuid=c11737b5-0728-4ebc-8618-83c506252ee8	2026-06-30	local-parser	[경력 3년 이상] 백엔드 개발자 채용	(주)아이엠폼	added	서울 강남구
https://www.saramin.co.kr/zf_user/jobs/relay/view?view_type=search&rec_idx=54326336&location=ts&searchword=%EB%B0%B1%EC%97%94%EB%93%9C+Java+Spring&searchType=search&paid_fl=n&search_uuid=c11737b5-0728-4ebc-8618-83c506252ee8	2026-06-30	local-parser	[JAVA/KOTLIN SM/SI 선릉역 커머스 CRM 백엔드 운영/개발(10)	(주)제이투이	added	서울 강남구
https://www.saramin.co.kr/zf_user/jobs/relay/view?view_type=search&rec_idx=54325752&location=ts&searchword=%EB%B0%B1%EC%97%94%EB%93%9C+Java+Spring&searchType=search&paid_fl=n&search_uuid=c11737b5-0728-4ebc-8618-83c506252ee8	2026-06-30	local-parser	[특허 버티컬 AI 전문 기업] 백엔드 엔지니어	에이피써치	added	서울 강남구
https://www.saramin.co.kr/zf_user/jobs/relay/view?view_type=search&rec_idx=54325694&location=ts&searchword=%EB%B0%B1%EC%97%94%EB%93%9C+Java+Spring&searchType=search&paid_fl=n&search_uuid=c11737b5-0728-4ebc-8618-83c506252ee8	2026-06-30	local-parser	[마크로버(주)] 경력 정규직 - Java 기반 웹 개발, PL 채용	마크로버(주)	added	울산 남구
https://www.saramin.co.kr/zf_user/jobs/relay/view?view_type=search&rec_idx=54325642&location=ts&searchword=%EB%B0%B1%EC%97%94%EB%93%9C+Java+Spring&searchType=search&paid_fl=n&search_uuid=c11737b5-0728-4ebc-8618-83c506252ee8	2026-06-30	local-parser	[마크로버(주)] 경력 정규직 - Java 기반 웹 개발 및 PL 채용	마크로버(주)	added	울산 남구
https://www.saramin.co.kr/zf_user/jobs/relay/view?view_type=search&rec_idx=54325087&location=ts&searchword=%EB%B0%B1%EC%97%94%EB%93%9C+Java+Spring&searchType=search&paid_fl=n&search_uuid=c11737b5-0728-4ebc-8618-83c506252ee8	2026-06-30	local-parser	[미니게이트] 백엔드개발자 모집 (경력 7년 이상)	(주)미니게이트	added	서울 강남구
https://www.saramin.co.kr/zf_user/jobs/relay/view?view_type=search&rec_idx=54324952&location=ts&searchword=%EB%B0%B1%EC%97%94%EB%93%9C+Java+Spring&searchType=search&paid_fl=n&search_uuid=c11737b5-0728-4ebc-8618-83c506252ee8	2026-06-30	local-parser	[인천] IDC 상주 Java 개발자(경력/과장급) 모집	(주)리드포인트시스템	added	인천 남동구
https://www.saramin.co.kr/zf_user/jobs/relay/view?view_type=search&rec_idx=54324054&location=ts&searchword=%EB%B0%B1%EC%97%94%EB%93%9C+Java+Spring&searchType=search&paid_fl=n&search_uuid=c11737b5-0728-4ebc-8618-83c506252ee8	2026-06-30	local-parser	[경력/3년 이상] Java 웹개발자 채용	(주)유플러스시스템	added	서울 금천구
https://www.saramin.co.kr/zf_user/jobs/relay/view?view_type=search&rec_idx=54323227&location=ts&searchword=%EB%B0%B1%EC%97%94%EB%93%9C+Java+Spring&searchType=search&paid_fl=n&search_uuid=c11737b5-0728-4ebc-8618-83c506252ee8	2026-06-30	local-parser	[경력] JAVA 기반 웹 어플리케이션 개발	주식회사아이림프	added	서울 금천구
https://www.saramin.co.kr/zf_user/jobs/relay/view?view_type=search&rec_idx=54323103&location=ts&searchword=%EB%B0%B1%EC%97%94%EB%93%9C+Java+Spring&searchType=search&paid_fl=n&search_uuid=c11737b5-0728-4ebc-8618-83c506252ee8	2026-06-30	local-parser	[경력] JAVA 기반 웹 애플리케이션 개발	(주)아이젝스	added	서울 금천구
https://www.saramin.co.kr/zf_user/jobs/relay/view?view_type=search&rec_idx=54322940&location=ts&searchword=%EB%B0%B1%EC%97%94%EB%93%9C+Java+Spring&searchType=search&paid_fl=n&search_uuid=c11737b5-0728-4ebc-8618-83c506252ee8	2026-06-30	local-parser	[키클롭스㈜] 백엔드 개발자 모집	키클롭스(주)	added	대전 유성구
https://www.saramin.co.kr/zf_user/jobs/relay/view?view_type=search&rec_idx=54322350&location=ts&searchword=%EB%B0%B1%EC%97%94%EB%93%9C+Java+Spring&searchType=search&paid_fl=n&search_uuid=c11737b5-0728-4ebc-8618-83c506252ee8	2026-06-30	local-parser	Java 백엔드 개발자(8-15년)/판교	(주)와따에이아이	added	경기 성남시 분당구
https://www.saramin.co.kr/zf_user/jobs/relay/view?view_type=search&rec_idx=54321402&location=ts&searchword=%EB%B0%B1%EC%97%94%EB%93%9C+Java+Spring&searchType=search&paid_fl=n&search_uuid=c11737b5-0728-4ebc-8618-83c506252ee8	2026-06-30	local-parser	Java 웹개발자(SI·SM/신규·경력/개발·운영) 채용 [와플원]	(주)와플원	added	서울 성동구
https://www.saramin.co.kr/zf_user/jobs/relay/view?view_type=search&rec_idx=54321072&location=ts&searchword=%EB%B0%B1%EC%97%94%EB%93%9C+Java+Spring&searchType=search&paid_fl=n&search_uuid=c11737b5-0728-4ebc-8618-83c506252ee8	2026-06-30	local-parser	콜브릿지(상담콜) 백엔드 개발자 경력직 채용 (2-7년)	(주)블룸에이아이	added	서울 중구
https://www.saramin.co.kr/zf_user/jobs/relay/view?view_type=search&rec_idx=54320773&location=ts&searchword=%EB%B0%B1%EC%97%94%EB%93%9C+Java+Spring&searchType=search&paid_fl=n&search_uuid=c11737b5-0728-4ebc-8618-83c506252ee8	2026-06-30	local-parser	[파인원커뮤니케이션즈]Back-end 경력 개발자 채용	(주)파인원커뮤니케이션즈	added	서울 금천구
https://www.saramin.co.kr/zf_user/jobs/relay/view?view_type=search&rec_idx=54314916&location=ts&searchword=%EB%B0%B1%EC%97%94%EB%93%9C+Java+Spring&searchType=search&paid_fl=n&search_uuid=c11737b5-0728-4ebc-8618-83c506252ee8	2026-06-30	local-parser	송파 위치, 대기업 계열 차량진단서비스기업 서버개발 과장급	한스컨설팅	added	서울 송파구
https://www.saramin.co.kr/zf_user/jobs/relay/view?view_type=search&rec_idx=54313159&location=ts&searchword=%EB%B0%B1%EC%97%94%EB%93%9C+Java+Spring&searchType=search&paid_fl=n&search_uuid=c11737b5-0728-4ebc-8618-83c506252ee8	2026-06-30	local-parser	[신입] JAVA 기반 웹 개발자 채용 (SI/SM)	(주)이트리즈시스템	added	서울 구로구
https://www.saramin.co.kr/zf_user/jobs/relay/view?view_type=search&rec_idx=54312871&location=ts&searchword=%EB%B0%B1%EC%97%94%EB%93%9C+Java+Spring&searchType=search&paid_fl=n&search_uuid=c11737b5-0728-4ebc-8618-83c506252ee8	2026-06-30	local-parser	Java / React / JSP 개발자 모집	(주)디지이	added	부산 강서구
https://www.saramin.co.kr/zf_user/jobs/relay/view?view_type=search&rec_idx=54314109&location=ts&searchword=Java+Backend+Engineer&searchType=search&paid_fl=n&search_uuid=e1883f8f-b7bf-48ed-94ef-28534461787f	2026-06-30	local-parser	함께하실 Backend(백엔드)개발자 모집합니다.	주식회사슈튜(SyuTyu)	added	서울 영등포구
https://www.saramin.co.kr/zf_user/jobs/relay/view?view_type=search&rec_idx=54311899&location=ts&searchword=Java+Backend+Engineer&searchType=search&paid_fl=n&search_uuid=e1883f8f-b7bf-48ed-94ef-28534461787f	2026-06-30	local-parser	백엔드 엔지니어 (시니어)	위즈코어(주)	added	서울 성동구
https://www.saramin.co.kr/zf_user/jobs/relay/view?view_type=search&rec_idx=54308550&location=ts&searchword=Java+Backend+Engineer&searchType=search&paid_fl=n&search_uuid=e1883f8f-b7bf-48ed-94ef-28534461787f	2026-06-30	local-parser	[Remittance] 서버개발자 채용	(주)글로벌머니익스프레스	added	서울 영등포구
https://www.saramin.co.kr/zf_user/jobs/relay/view?view_type=search&rec_idx=54296424&location=ts&searchword=Java+Backend+Engineer&searchType=search&paid_fl=n&search_uuid=e1883f8f-b7bf-48ed-94ef-28534461787f	2026-06-30	local-parser	파이썬 백엔드 개발자(Python Backend Engineer) 채용 件	젯스퍼트(주)	added	경기 수원시 영통구
https://www.saramin.co.kr/zf_user/jobs/relay/view?view_type=search&rec_idx=54294570&location=ts&searchword=Java+Backend+Engineer&searchType=search&paid_fl=n&search_uuid=e1883f8f-b7bf-48ed-94ef-28534461787f	2026-06-30	local-parser	교통분야 (ITS/BIS) 서버 프로그램 개발 직무 채용	웨이즈원(주)	added	경기 의왕시
https://www.saramin.co.kr/zf_user/jobs/relay/view?view_type=search&rec_idx=54293670&location=ts&searchword=Java+Backend+Engineer&searchType=search&paid_fl=n&search_uuid=e1883f8f-b7bf-48ed-94ef-28534461787f	2026-06-30	local-parser	[안랩클라우드메이트] Java 개발자	(주)안랩클라우드메이트	added	경기 과천시
https://www.saramin.co.kr/zf_user/jobs/relay/view?view_type=search&rec_idx=54307162&location=ts&searchword=Kotlin+Spring+%EB%B0%B1%EC%97%94%EB%93%9C&searchType=search&paid_fl=n&search_uuid=b66102be-72c9-4fb8-a0ac-de0358d3ff5d	2026-06-30	local-parser	Python 백엔드 개발자 채용	(주)펫박스	added	서울 마포구
https://www.saramin.co.kr/zf_user/jobs/relay/view?view_type=search&rec_idx=54303644&location=ts&searchword=Kotlin+Spring+%EB%B0%B1%EC%97%94%EB%93%9C&searchType=search&paid_fl=n&search_uuid=b66102be-72c9-4fb8-a0ac-de0358d3ff5d	2026-06-30	local-parser	웹/앱 프런트 및 백엔드 프로그래머를 모십니다.	㈜폴리큐브	added	서울 강남구
https://www.saramin.co.kr/zf_user/jobs/relay/view?view_type=search&rec_idx=54293776&location=ts&searchword=Kotlin+Spring+%EB%B0%B1%EC%97%94%EB%93%9C&searchType=search&paid_fl=n&search_uuid=b66102be-72c9-4fb8-a0ac-de0358d3ff5d	2026-06-30	local-parser	(주)소프트프릭 경력사원(백엔드개발자) 모집	(주)소프트프릭	added	서울 서초구
https://www.saramin.co.kr/zf_user/jobs/relay/view?view_type=search&rec_idx=54280332&location=ts&searchword=Kotlin+Spring+%EB%B0%B1%EC%97%94%EB%93%9C&searchType=search&paid_fl=n&search_uuid=b66102be-72c9-4fb8-a0ac-de0358d3ff5d	2026-06-30	local-parser	[Weverse Company] 백엔드개발 (어카운트)	(주)위버스컴퍼니	added	경기 성남시 분당구
https://www.saramin.co.kr/zf_user/jobs/relay/view?view_type=search&rec_idx=54280203&location=ts&searchword=Kotlin+Spring+%EB%B0%B1%EC%97%94%EB%93%9C&searchType=search&paid_fl=n&search_uuid=b66102be-72c9-4fb8-a0ac-de0358d3ff5d	2026-06-30	local-parser	[Weverse Company] Back-end (경력 무관)	(주)위버스컴퍼니	added	경기 성남시 분당구
https://www.saramin.co.kr/zf_user/jobs/relay/view?view_type=search&rec_idx=54279636&location=ts&searchword=Kotlin+Spring+%EB%B0%B1%EC%97%94%EB%93%9C&searchType=search&paid_fl=n&search_uuid=b66102be-72c9-4fb8-a0ac-de0358d3ff5d	2026-06-30	local-parser	서버 개발자 - 스테이블코인 발행/유통	(주)카카오페이	added	경기 성남시 분당구
https://www.saramin.co.kr/zf_user/jobs/relay/view?view_type=search&rec_idx=54279631&location=ts&searchword=Kotlin+Spring+%EB%B0%B1%EC%97%94%EB%93%9C&searchType=search&paid_fl=n&search_uuid=b66102be-72c9-4fb8-a0ac-de0358d3ff5d	2026-06-30	local-parser	서버 개발자 - 결제 서비스	(주)카카오페이	added	경기 성남시 분당구
https://www.saramin.co.kr/zf_user/jobs/relay/view?view_type=search&rec_idx=54279165&location=ts&searchword=Kotlin+Spring+%EB%B0%B1%EC%97%94%EB%93%9C&searchType=search&paid_fl=n&search_uuid=b66102be-72c9-4fb8-a0ac-de0358d3ff5d	2026-06-30	local-parser	[설로인] 백엔드 개발자	설로인(주)	added	경기 군포시
https://www.saramin.co.kr/zf_user/jobs/relay/view?view_type=search&rec_idx=54279026&location=ts&searchword=Kotlin+Spring+%EB%B0%B1%EC%97%94%EB%93%9C&searchType=search&paid_fl=n&search_uuid=b66102be-72c9-4fb8-a0ac-de0358d3ff5d	2026-06-30	local-parser	[homedot] 시니어 백엔드 개발자 채용	(주)알스퀘어	added	서울 서초구
https://www.saramin.co.kr/zf_user/jobs/relay/view?view_type=search&rec_idx=54266082&location=ts&searchword=Kotlin+Spring+%EB%B0%B1%EC%97%94%EB%93%9C&searchType=search&paid_fl=n&search_uuid=b66102be-72c9-4fb8-a0ac-de0358d3ff5d	2026-06-30	local-parser	[토스인슈어런스] Server Developer	(주)비바리퍼블리카	added	서울 구로구
https://www.saramin.co.kr/zf_user/jobs/relay/view?view_type=search&rec_idx=54256803&location=ts&searchword=Kotlin+Spring+%EB%B0%B1%EC%97%94%EB%93%9C&searchType=search&paid_fl=n&search_uuid=b66102be-72c9-4fb8-a0ac-de0358d3ff5d	2026-06-30	local-parser	[핀테크] Java/Kotlin 백엔드 개발자 채용공고	(주)핀테크	added	서울 영등포구
https://www.saramin.co.kr/zf_user/jobs/relay/view?view_type=search&rec_idx=54255470&location=ts&searchword=Kotlin+Spring+%EB%B0%B1%EC%97%94%EB%93%9C&searchType=search&paid_fl=n&search_uuid=b66102be-72c9-4fb8-a0ac-de0358d3ff5d	2026-06-30	local-parser	인공지능 의료 진단 솔루션 백엔드 개발자	(주)아이도트	added	서울 송파구
https://www.saramin.co.kr/zf_user/jobs/relay/view?view_type=search&rec_idx=54246280&location=ts&searchword=Kotlin+Spring+%EB%B0%B1%EC%97%94%EB%93%9C&searchType=search&paid_fl=n&search_uuid=b66102be-72c9-4fb8-a0ac-de0358d3ff5d	2026-06-30	local-parser	콘텐츠 플랫폼 백엔드 개발자 채용	(주)드림어스컴퍼니	added	서울 강남구
https://www.saramin.co.kr/zf_user/jobs/relay/view?view_type=search&rec_idx=54246057&location=ts&searchword=Kotlin+Spring+%EB%B0%B1%EC%97%94%EB%93%9C&searchType=search&paid_fl=n&search_uuid=b66102be-72c9-4fb8-a0ac-de0358d3ff5d	2026-06-30	local-parser	음악 서비스 백엔드 서버 개발자 채용	(주)드림어스컴퍼니	added	서울 강남구
https://www.saramin.co.kr/zf_user/jobs/relay/view?view_type=search&rec_idx=54246053&location=ts&searchword=Kotlin+Spring+%EB%B0%B1%EC%97%94%EB%93%9C&searchType=search&paid_fl=n&search_uuid=b66102be-72c9-4fb8-a0ac-de0358d3ff5d	2026-06-30	local-parser	Product Server(Backend) Engineer를 찾고 있습니다	(주)브이엠에스홀딩스	added	서울 강서구
https://www.saramin.co.kr/zf_user/jobs/relay/view?view_type=search&rec_idx=54226481&location=ts&searchword=Kotlin+Spring+%EB%B0%B1%EC%97%94%EB%93%9C&searchType=search&paid_fl=n&search_uuid=b66102be-72c9-4fb8-a0ac-de0358d3ff5d	2026-06-30	local-parser	[주4.5일근무] 백엔드 개발자	(주)모비소프트	added	서울 구로구
https://zighang.com/recruitment/4ed25765-7cdc-4e91-b4a5-1e65e6c83d6d	2026-06-30	local-parser	Product Server Engineer를 찾고 있습니다 채용	브이엠에스홀딩스	added	서울
https://cafe.naver.com/f-e/cafes/31258781/articles/35543	2026-07-08	naver-cafe-api	~26.7.12 / 현대오토에버｜[SDx] Backend Developer – Robot/Smart Factory	Naver Cafe Workhub	added	경력
https://www.saramin.co.kr/zf_user/jobs/relay/view?view_type=search&rec_idx=54399741&location=ts&searchword=%EB%B0%B1%EC%97%94%EB%93%9C+Java+Spring&searchType=search&paid_fl=n&search_uuid=758397ed-799b-4d4b-ae07-49ad7a88f57a	2026-07-08	local-parser	[양재,강남]H사 java 백엔드 개발자 모집(8월투입/5개월이상근무	(주)이노스트	added	서울 서초구
https://www.saramin.co.kr/zf_user/jobs/relay/view?view_type=search&rec_idx=54398618&location=ts&searchword=%EB%B0%B1%EC%97%94%EB%93%9C+Java+Spring&searchType=search&paid_fl=n&search_uuid=758397ed-799b-4d4b-ae07-49ad7a88f57a	2026-07-08	local-parser	[인피닉]AI연구소 백엔드 구축 개발자 채용	(주)인피닉	added	서울 강남구
https://www.saramin.co.kr/zf_user/jobs/relay/view?view_type=search&rec_idx=54397679&location=ts&searchword=%EB%B0%B1%EC%97%94%EB%93%9C+Java+Spring&searchType=search&paid_fl=n&search_uuid=758397ed-799b-4d4b-ae07-49ad7a88f57a	2026-07-08	local-parser	[경력] 백엔드 개발자 채용(Java/Spring Boot, 3~5년)	(주)인투씨엔에스	added	경기 용인시 수지구
https://www.saramin.co.kr/zf_user/jobs/relay/view?view_type=search&rec_idx=54395525&location=ts&searchword=%EB%B0%B1%EC%97%94%EB%93%9C+Java+Spring&searchType=search&paid_fl=n&search_uuid=758397ed-799b-4d4b-ae07-49ad7a88f57a	2026-07-08	local-parser	백엔드 개발자 채용 공고	(주)브레인벤쳐스	added	경기 성남시 수정구
https://www.saramin.co.kr/zf_user/jobs/relay/view?view_type=search&rec_idx=54394377&location=ts&searchword=%EB%B0%B1%EC%97%94%EB%93%9C+Java+Spring&searchType=search&paid_fl=n&search_uuid=758397ed-799b-4d4b-ae07-49ad7a88f57a	2026-07-08	local-parser	(주)닥터소프트 서버(백엔드) 개발자 채용	(주)닥터소프트	added	서울 구로구
https://www.saramin.co.kr/zf_user/jobs/relay/view?view_type=search&rec_idx=54393688&location=ts&searchword=%EB%B0%B1%EC%97%94%EB%93%9C+Java+Spring&searchType=search&paid_fl=n&search_uuid=758397ed-799b-4d4b-ae07-49ad7a88f57a	2026-07-08	local-parser	웹 개발자(경력직) 모집 (JAVA, Vue.js, Spring)	(주)지란지교에스앤씨	added	서울 송파구
https://www.saramin.co.kr/zf_user/jobs/relay/view?view_type=search&rec_idx=54392161&location=ts&searchword=%EB%B0%B1%EC%97%94%EB%93%9C+Java+Spring&searchType=search&paid_fl=n&search_uuid=758397ed-799b-4d4b-ae07-49ad7a88f57a	2026-07-08	local-parser	(주)혁산정보시스템 JAVA 기반 백엔드 개발자	(주)혁산정보시스템	added	서울 영등포구
https://www.saramin.co.kr/zf_user/jobs/relay/view?view_type=search&rec_idx=54390862&location=ts&searchword=%EB%B0%B1%EC%97%94%EB%93%9C+Java+Spring&searchType=search&paid_fl=n&search_uuid=758397ed-799b-4d4b-ae07-49ad7a88f57a	2026-07-08	local-parser	AI/백엔드 개발자 경력 채용	(주)이진솔루션	added	경남 창원시 마산회원구
https://www.saramin.co.kr/zf_user/jobs/relay/view?view_type=search&rec_idx=54397113&location=ts&searchword=Java+Backend+Engineer&searchType=search&paid_fl=n&search_uuid=dd6530b2-b2e3-426d-8e1c-c1cbe0de7074	2026-07-08	local-parser	[Java SI 수원] OO Biz 프로젝트(백엔드플랫폼 엔지니어)(6)	(주)제이투이	added	경기 수원시 영통구
https://www.saramin.co.kr/zf_user/jobs/relay/view?view_type=search&rec_idx=54394681&location=ts&searchword=Java+Backend+Engineer&searchType=search&paid_fl=n&search_uuid=dd6530b2-b2e3-426d-8e1c-c1cbe0de7074	2026-07-08	local-parser	[스타랩스] 웹개발자 JAVA 채용 (부산)	주식회사 스타랩스	added	부산 강서구
https://www.saramin.co.kr/zf_user/jobs/relay/view?view_type=search&rec_idx=54385867&location=ts&searchword=Java+Backend+Engineer&searchType=search&paid_fl=n&search_uuid=dd6530b2-b2e3-426d-8e1c-c1cbe0de7074	2026-07-08	local-parser	[세르딕] 백엔드 개발자 채용	(주)세르딕	added	서울 강남구
https://www.saramin.co.kr/zf_user/jobs/relay/view?view_type=search&rec_idx=54383715&location=ts&searchword=Java+Backend+Engineer&searchType=search&paid_fl=n&search_uuid=dd6530b2-b2e3-426d-8e1c-c1cbe0de7074	2026-07-08	local-parser	[헤리트] 백엔드개발자 채용	(주)헤리트	added	경기 성남시 분당구
https://www.saramin.co.kr/zf_user/jobs/relay/view?view_type=search&rec_idx=54383007&location=ts&searchword=Java+Backend+Engineer&searchType=search&paid_fl=n&search_uuid=dd6530b2-b2e3-426d-8e1c-c1cbe0de7074	2026-07-08	local-parser	네이블 백엔드 개발자 및 클라우드 플랫폼 엔지니어	(주)네이블	added	경기 성남시 분당구
https://www.saramin.co.kr/zf_user/jobs/relay/view?view_type=search&rec_idx=54382126&location=ts&searchword=Java+Backend+Engineer&searchType=search&paid_fl=n&search_uuid=dd6530b2-b2e3-426d-8e1c-c1cbe0de7074	2026-07-08	local-parser	[성남: 백엔드 개발 경력자] EV 전기차 충전 백엔드 개발 담당자	주식회사 탑건이노비즈	added	경기 성남시 중원구
https://www.saramin.co.kr/zf_user/jobs/relay/view?view_type=search&rec_idx=54381582&location=ts&searchword=Java+Backend+Engineer&searchType=search&paid_fl=n&search_uuid=dd6530b2-b2e3-426d-8e1c-c1cbe0de7074	2026-07-08	local-parser	Backend Engineer(5년 이상)	(주)콜로세움코퍼레이션	added	서울 강남구
https://www.saramin.co.kr/zf_user/jobs/relay/view?view_type=search&rec_idx=54364584&location=ts&searchword=Java+Backend+Engineer&searchType=search&paid_fl=n&search_uuid=dd6530b2-b2e3-426d-8e1c-c1cbe0de7074	2026-07-08	local-parser	[블록체인 기반 모빌리티 기업] 백엔드 엔지니어	(주)리앤파트너	added	서울 서초구
https://www.saramin.co.kr/zf_user/jobs/relay/view?view_type=search&rec_idx=54364456&location=ts&searchword=Java+Backend+Engineer&searchType=search&paid_fl=n&search_uuid=dd6530b2-b2e3-426d-8e1c-c1cbe0de7074	2026-07-08	local-parser	[이투스에듀] AX 백엔드 엔지니어	이투스에듀(주)	added	서울 서초구
https://www.saramin.co.kr/zf_user/jobs/relay/view?view_type=search&rec_idx=54361790&location=ts&searchword=Java+Backend+Engineer&searchType=search&paid_fl=n&search_uuid=dd6530b2-b2e3-426d-8e1c-c1cbe0de7074	2026-07-08	local-parser	[데브댑] AI 기반 서비스 개발팀 (개발PM, 백엔드, 프런트엔드)	(주)데브댑	added	서울 성북구
https://www.saramin.co.kr/zf_user/jobs/relay/view?view_type=search&rec_idx=54390032&location=ts&searchword=Kotlin+Spring+%EB%B0%B1%EC%97%94%EB%93%9C&searchType=search&paid_fl=n&search_uuid=09a53525-0563-4e98-8fea-5057128a97e9	2026-07-08	local-parser	Spring 백앤드 개발자를 모집합니다	(주)뉴부싼카	added	부산 사상구
https://www.saramin.co.kr/zf_user/jobs/relay/view?view_type=search&rec_idx=54379362&location=ts&searchword=Kotlin+Spring+%EB%B0%B1%EC%97%94%EB%93%9C&searchType=search&paid_fl=n&search_uuid=09a53525-0563-4e98-8fea-5057128a97e9	2026-07-08	local-parser	서버/백엔드 개발자 채용(5년이상~10년이하)	(주)무브먼츠	added	서울 강남구
https://www.saramin.co.kr/zf_user/jobs/relay/view?view_type=search&rec_idx=54379324&location=ts&searchword=Kotlin+Spring+%EB%B0%B1%EC%97%94%EB%93%9C&searchType=search&paid_fl=n&search_uuid=09a53525-0563-4e98-8fea-5057128a97e9	2026-07-08	local-parser	서버/백엔드 개발자 채용(주니어 신입~4년이하)	(주)무브먼츠	added	서울 강남구
https://www.saramin.co.kr/zf_user/jobs/relay/view?view_type=search&rec_idx=54362617&location=ts&searchword=Kotlin+Spring+%EB%B0%B1%EC%97%94%EB%93%9C&searchType=search&paid_fl=n&search_uuid=09a53525-0563-4e98-8fea-5057128a97e9	2026-07-08	local-parser	서버 개발자 - 스테이블코인 발행/유통	(주)카카오페이	added	경기 성남시 분당구
https://www.saramin.co.kr/zf_user/jobs/relay/view?view_type=search&rec_idx=54362613&location=ts&searchword=Kotlin+Spring+%EB%B0%B1%EC%97%94%EB%93%9C&searchType=search&paid_fl=n&search_uuid=09a53525-0563-4e98-8fea-5057128a97e9	2026-07-08	local-parser	서버 개발자 - 결제 서비스	(주)카카오페이	added	경기 성남시 분당구
https://www.saramin.co.kr/zf_user/jobs/relay/view?view_type=search&rec_idx=54352607&location=ts&searchword=Kotlin+Spring+%EB%B0%B1%EC%97%94%EB%93%9C&searchType=search&paid_fl=n&search_uuid=09a53525-0563-4e98-8fea-5057128a97e9	2026-07-08	local-parser	[네이버웹툰] Disney 디지털 코믹스 플랫폼 서버 개발 (경력)	네이버웹툰(유)	added	경기 성남시 분당구
https://www.saramin.co.kr/zf_user/jobs/relay/view?view_type=search&rec_idx=54349822&location=ts&searchword=Kotlin+Spring+%EB%B0%B1%EC%97%94%EB%93%9C&searchType=search&paid_fl=n&search_uuid=09a53525-0563-4e98-8fea-5057128a97e9	2026-07-08	local-parser	[STL] 스타트투데이 백엔드 개발자 채용	(주)에스티엘	added	서울 강서구
https://www.saramin.co.kr/zf_user/jobs/relay/view?view_type=search&rec_idx=54326336&location=ts&searchword=Kotlin+Spring+%EB%B0%B1%EC%97%94%EB%93%9C&searchType=search&paid_fl=n&search_uuid=09a53525-0563-4e98-8fea-5057128a97e9	2026-07-08	local-parser	[JAVA/KOTLIN SM/SI 선릉역 커머스 CRM 백엔드 운영/개발(10)	(주)제이투이	added	서울 강남구
https://www.saramin.co.kr/zf_user/jobs/relay/view?view_type=search&rec_idx=54325752&location=ts&searchword=Kotlin+Spring+%EB%B0%B1%EC%97%94%EB%93%9C&searchType=search&paid_fl=n&search_uuid=09a53525-0563-4e98-8fea-5057128a97e9	2026-07-08	local-parser	[특허 버티컬 AI 전문 기업] 백엔드 엔지니어	에이피써치	added	서울 강남구
https://www.saramin.co.kr/zf_user/jobs/relay/view?view_type=search&rec_idx=54323227&location=ts&searchword=Kotlin+Spring+%EB%B0%B1%EC%97%94%EB%93%9C&searchType=search&paid_fl=n&search_uuid=09a53525-0563-4e98-8fea-5057128a97e9	2026-07-08	local-parser	[경력] JAVA 기반 웹 어플리케이션 개발	주식회사아이림프	added	서울 금천구
https://www.saramin.co.kr/zf_user/jobs/relay/view?view_type=search&rec_idx=54323103&location=ts&searchword=Kotlin+Spring+%EB%B0%B1%EC%97%94%EB%93%9C&searchType=search&paid_fl=n&search_uuid=09a53525-0563-4e98-8fea-5057128a97e9	2026-07-08	local-parser	[경력] JAVA 기반 웹 애플리케이션 개발	(주)아이젝스	added	서울 금천구
https://www.saramin.co.kr/zf_user/jobs/relay/view?view_type=search&rec_idx=54307162&location=ts&searchword=Kotlin+Spring+%EB%B0%B1%EC%97%94%EB%93%9C&searchType=search&paid_fl=n&search_uuid=09a53525-0563-4e98-8fea-5057128a97e9	2026-07-08	local-parser	Python 백엔드 개발자 채용	(주)펫박스	added	서울 마포구
https://www.saramin.co.kr/zf_user/jobs/relay/view?view_type=search&rec_idx=54303644&location=ts&searchword=Kotlin+Spring+%EB%B0%B1%EC%97%94%EB%93%9C&searchType=search&paid_fl=n&search_uuid=09a53525-0563-4e98-8fea-5057128a97e9	2026-07-08	local-parser	웹/앱 프런트 및 백엔드 프로그래머를 모십니다.	㈜폴리큐브	added	서울 강남구
https://cafe.naver.com/f-e/cafes/31258781/articles/34741	2026-07-08	manual-naver-cafe	~상시 / 카카오모빌리티｜물류 & 에이전트 개발실 백엔드 개발자	카카오모빌리티	added	공식지원확인
https://cafe.naver.com/f-e/cafes/31258781/articles/34830	2026-07-08	manual-naver-cafe	~상시 / 힐링페이퍼(강남언니)｜[병원 운영 솔루션] 백엔드 개발자 (B2B SaaS)	힐링페이퍼(강남언니)	added	공식지원확인
https://cafe.naver.com/f-e/cafes/31258781/articles/34745	2026-07-08	manual-naver-cafe	~상시 / 올거나이즈｜[KR] AI Native Back-end Engineer	올거나이즈	skipped_expired	공식지원링크_HTTP404
https://cafe.naver.com/f-e/cafes/31258781/articles/34863	2026-07-08	manual-naver-cafe	~상시 / UMOS ONE｜Backend Engineer (Warehouse Management System)	UMOS ONE	added	공식지원확인
https://cafe.naver.com/f-e/cafes/31258781/articles/34714	2026-07-08	manual-naver-cafe	~상시 / 디웨일｜백엔드(JAVA) 개발자 (2년이상 경력)	디웨일	added	공식지원확인
https://cafe.naver.com/f-e/cafes/31258781/articles/34728	2026-07-08	manual-naver-cafe	~상시 / 고위드｜[공통] Backend Engineer	고위드	added	공식지원확인
https://cafe.naver.com/f-e/cafes/31258781/articles/34864	2026-07-08	manual-naver-cafe	~상시 / 이공이공｜[비즈니스플랫폼팀] 백엔드 개발자	이공이공	skipped_expired	공식지원링크_HTTP404
https://cafe.naver.com/f-e/cafes/31258781/articles/34722	2026-07-08	manual-naver-cafe	~상시 / 누아｜웹(Web) 백엔드 개발자	누아	added	공식지원확인
https://cafe.naver.com/f-e/cafes/31258781/articles/35784	2026-07-20	naver-cafe-api	~상시 / 수퍼빈｜[개발] 백엔드 개발자	Naver Cafe Workhub p4	added	경력
https://cafe.naver.com/f-e/cafes/31258781/articles/35779	2026-07-20	naver-cafe-api	~상시 / KREAM Pay｜Backend 개발자 모집	Naver Cafe Workhub p4	added	경력
https://cafe.naver.com/f-e/cafes/31258781/articles/35760	2026-07-20	naver-cafe-api	~상시 / NICE정보통신｜백엔드 서버 개발자(경력)	Naver Cafe Workhub p4	added	경력
https://cafe.naver.com/f-e/cafes/31258781/articles/35849	2026-07-20	naver-cafe-api	~상시 / 에이엑스지(axz)｜Daum 메일 개발자(Backend)	Naver Cafe Workhub p2	added	경력
https://cafe.naver.com/f-e/cafes/31258781/articles/35845	2026-07-20	naver-cafe-api	[경력] ~상시 / 루멘테라 - 커머스 서비스 SI/SM 및 Java·Spring 개발자	Naver Cafe Workhub p2	added
https://cafe.naver.com/f-e/cafes/31258781/articles/35839	2026-07-20	naver-cafe-api	[경력] ~상시 / 에이지엘 - 백엔드 개발자 (Back-end)	Naver Cafe Workhub p2	added
https://cafe.naver.com/f-e/cafes/31258781/articles/35838	2026-07-20	naver-cafe-api	[경력] ~상시 / 피에프씨테크놀로지스 - Backend Engineer(백엔드 엔지니어) - BizOps	Naver Cafe Workhub p2	added
https://cafe.naver.com/f-e/cafes/31258781/articles/35829	2026-07-20	naver-cafe-api	[경력] ~상시 / 파트리지시스템즈 - Back-end engineer	Naver Cafe Workhub p3	added
https://cafe.naver.com/f-e/cafes/31258781/articles/35821	2026-07-20	naver-cafe-api	[신입 및 경력] ~상시 / 널리소프트 - [쌤157] 백엔드 개발자 (Java)	Naver Cafe Workhub p3	added
https://cafe.naver.com/f-e/cafes/31258781/articles/35816	2026-07-20	naver-cafe-api	[신입 및 경력] ~26.07.26 / 연합인포맥스 - 연합인포맥스 서버/풀스택 개발자 채용(신입/경력)	Naver Cafe Workhub p3	added
https://cafe.naver.com/f-e/cafes/31258781/articles/35815	2026-07-20	naver-cafe-api	[경력] ~26.07.31 / 부릉 - Backend Engineer	Naver Cafe Workhub p3	added
https://cafe.naver.com/f-e/cafes/31258781/articles/35750	2026-07-20	naver-cafe-api	~ 7.26 23:59 / 연합인포맥스 서버, 풀스택 개발자 신입 및 경력 채용	Naver Cafe Workhub p5	added	신입 및 경력
https://cafe.naver.com/f-e/cafes/31258781/articles/35747	2026-07-20	naver-cafe-api	~상시 / 설로인｜테크팀 백엔드 개발자	Naver Cafe Workhub p5	added	경력
https://cafe.naver.com/f-e/cafes/31258781/articles/35718	2026-07-20	naver-cafe-api	~상시 / 메가존클라우드｜Backend Developer	Naver Cafe Workhub p5	added	경력
https://cafe.naver.com/f-e/cafes/31258781/articles/35717	2026-07-20	naver-cafe-api	~상시 / KREAM｜Service Backend 개발자 모집	Naver Cafe Workhub p5	added	경력
https://cafe.naver.com/f-e/cafes/31258781/articles/35882	2026-07-20	naver-cafe-api	[경력] ~상시 / 페이히어 - 서버 엔지니어 (Kotlin/Spring)	Naver Cafe Workhub	added
https://cafe.naver.com/f-e/cafes/31258781/articles/35871	2026-07-20	naver-cafe-api	~상시 / 세나클｜[경력] Backend Server 개발	Naver Cafe Workhub	added	경력
https://cafe.naver.com/f-e/cafes/31258781/articles/35855	2026-07-20	naver-cafe-api	[경력] ~상시 / 비바리퍼블리카 - [토스] Node.js Developer (Ads)	Naver Cafe Workhub	added
https://cafe.naver.com/f-e/cafes/31258781/articles/35854	2026-07-20	naver-cafe-api	[경력] ~26.08.31 / 메이아이 - Backend Engineer (백엔드 엔지니어)	Naver Cafe Workhub	added
https://www.saramin.co.kr/zf_user/jobs/relay/view?view_type=search&rec_idx=54506778&location=ts&searchword=%EB%B0%B1%EC%97%94%EB%93%9C+Java+Spring&searchType=search&paid_fl=n&search_uuid=73f863e6-0bda-451c-b6ec-3faab5cc6619	2026-07-20	local-parser	JAVA 개발자 모집 (전자정부프레임워크 신규 구축)	(주)위링	added	강원 원주시
https://www.saramin.co.kr/zf_user/jobs/relay/view?view_type=search&rec_idx=54505924&location=ts&searchword=%EB%B0%B1%EC%97%94%EB%93%9C+Java+Spring&searchType=search&paid_fl=n&search_uuid=73f863e6-0bda-451c-b6ec-3faab5cc6619	2026-07-20	local-parser	[안랩클라우드메이트] Java 개발자	(주)안랩클라우드메이트	added	경기 과천시
https://www.saramin.co.kr/zf_user/jobs/relay/view?view_type=search&rec_idx=54505209&location=ts&searchword=%EB%B0%B1%EC%97%94%EB%93%9C+Java+Spring&searchType=search&paid_fl=n&search_uuid=73f863e6-0bda-451c-b6ec-3faab5cc6619	2026-07-20	local-parser	중소기업중앙회 자금관리시스템 구축 중/초급 JAVA 채용	토모도모(주)	added	서울 강서구
https://www.saramin.co.kr/zf_user/jobs/relay/view?view_type=search&rec_idx=54504032&location=ts&searchword=%EB%B0%B1%EC%97%94%EB%93%9C+Java+Spring&searchType=search&paid_fl=n&search_uuid=73f863e6-0bda-451c-b6ec-3faab5cc6619	2026-07-20	local-parser	AI백엔드 개발 경력	(주)유비온	added	서울 구로구
https://www.saramin.co.kr/zf_user/jobs/relay/view?view_type=search&rec_idx=54503840&location=ts&searchword=%EB%B0%B1%EC%97%94%EB%93%9C+Java+Spring&searchType=search&paid_fl=n&search_uuid=73f863e6-0bda-451c-b6ec-3faab5cc6619	2026-07-20	local-parser	[Jobplanet] Backend Engineer (10년 이상)	잡플래닛(유)	added	서울 서초구
https://www.saramin.co.kr/zf_user/jobs/relay/view?view_type=search&rec_idx=54502822&location=ts&searchword=%EB%B0%B1%EC%97%94%EB%93%9C+Java+Spring&searchType=search&paid_fl=n&search_uuid=73f863e6-0bda-451c-b6ec-3faab5cc6619	2026-07-20	local-parser	(주)센텀인터넷 울산지부 java 신입/경력 개발자 모집	(주)센텀인터넷	added	울산 중구
https://www.saramin.co.kr/zf_user/jobs/relay/view?view_type=search&rec_idx=54502722&location=ts&searchword=%EB%B0%B1%EC%97%94%EB%93%9C+Java+Spring&searchType=search&paid_fl=n&search_uuid=73f863e6-0bda-451c-b6ec-3faab5cc6619	2026-07-20	local-parser	(주)센텀인터넷 광교 R&D센터 java 신입/경력 개발자 모집	(주)센텀인터넷	added	경기 수원시 영통구
https://www.saramin.co.kr/zf_user/jobs/relay/view?view_type=search&rec_idx=54501979&location=ts&searchword=%EB%B0%B1%EC%97%94%EB%93%9C+Java+Spring&searchType=search&paid_fl=n&search_uuid=73f863e6-0bda-451c-b6ec-3faab5cc6619	2026-07-20	local-parser	[네이버웹툰] 백엔드 서버 개발 (경력)	네이버웹툰(유)	added	경기 성남시 분당구
https://www.saramin.co.kr/zf_user/jobs/relay/view?view_type=search&rec_idx=54501265&location=ts&searchword=%EB%B0%B1%EC%97%94%EB%93%9C+Java+Spring&searchType=search&paid_fl=n&search_uuid=73f863e6-0bda-451c-b6ec-3faab5cc6619	2026-07-20	local-parser	[보이는ARS콜게이트] JAVA 웹 개발 신입/경력(10년이하)	(주)콜게이트	added	서울 서초구
https://www.saramin.co.kr/zf_user/jobs/relay/view?view_type=search&rec_idx=54500605&location=ts&searchword=%EB%B0%B1%EC%97%94%EB%93%9C+Java+Spring&searchType=search&paid_fl=n&search_uuid=73f863e6-0bda-451c-b6ec-3faab5cc6619	2026-07-20	local-parser	글로벌 금융/IPO 데이터 파이프라인 및 백엔드 개발자 채용 (3~8년차)	(주)아이알큐더스	added	서울 영등포구
https://www.saramin.co.kr/zf_user/jobs/relay/view?view_type=search&rec_idx=54500164&location=ts&searchword=%EB%B0%B1%EC%97%94%EB%93%9C+Java+Spring&searchType=search&paid_fl=n&search_uuid=73f863e6-0bda-451c-b6ec-3faab5cc6619	2026-07-20	local-parser	[여의도 파견직(SI개발)] 증권사 백엔드 개발자 모집	(주)한국이크레딧테크놀로지	added	서울 영등포구
https://www.saramin.co.kr/zf_user/jobs/relay/view?view_type=search&rec_idx=54498591&location=ts&searchword=%EB%B0%B1%EC%97%94%EB%93%9C+Java+Spring&searchType=search&paid_fl=n&search_uuid=73f863e6-0bda-451c-b6ec-3faab5cc6619	2026-07-20	local-parser	Back-end개발(Java, Spring Boot/ 대용량 데이터 처리)	(주)스카우트플랜	added	서울 강남구
https://www.saramin.co.kr/zf_user/jobs/relay/view?view_type=search&rec_idx=54497688&location=ts&searchword=%EB%B0%B1%EC%97%94%EB%93%9C+Java+Spring&searchType=search&paid_fl=n&search_uuid=73f863e6-0bda-451c-b6ec-3faab5cc6619	2026-07-20	local-parser	서비스(백엔드등) 개발운영- 국내 우량 디지털종합광고 기업	프로페셔날핸즈인핸즈코리아(주)	added	서울 중구
https://www.saramin.co.kr/zf_user/jobs/relay/view?view_type=search&rec_idx=54497587&location=ts&searchword=%EB%B0%B1%EC%97%94%EB%93%9C+Java+Spring&searchType=search&paid_fl=n&search_uuid=73f863e6-0bda-451c-b6ec-3faab5cc6619	2026-07-20	local-parser	사내 시스템 개발 및 운영(백엔드)/AI 기반 도구를 활용/게임사	(주)에이치알비즈코리아	added	경기 성남시 분당구
https://www.saramin.co.kr/zf_user/jobs/relay/view?view_type=search&rec_idx=54503019&location=ts&searchword=Java+Backend+Engineer&searchType=search&paid_fl=n&search_uuid=c7303a63-9ddf-420c-8473-4b3dadb96083	2026-07-20	local-parser	함께하실 Backend(백엔드)개발자 모집합니다.	주식회사슈튜(SyuTyu)	added	서울 영등포구
https://www.saramin.co.kr/zf_user/jobs/relay/view?view_type=search&rec_idx=54483510&location=ts&searchword=Java+Backend+Engineer&searchType=search&paid_fl=n&search_uuid=c7303a63-9ddf-420c-8473-4b3dadb96083	2026-07-20	local-parser	[개발팀] Backend Engineer	에버엑스 주식회사	added	서울 서초구
https://www.saramin.co.kr/zf_user/jobs/relay/view?view_type=search&rec_idx=54482981&location=ts&searchword=Java+Backend+Engineer&searchType=search&paid_fl=n&search_uuid=c7303a63-9ddf-420c-8473-4b3dadb96083	2026-07-20	local-parser	[특허 버티컬 AI 전문 기업] 백엔드 엔지니어	에이피써치	added	서울 강남구
https://www.saramin.co.kr/zf_user/jobs/relay/view?view_type=search&rec_idx=54474379&location=ts&searchword=Java+Backend+Engineer&searchType=search&paid_fl=n&search_uuid=c7303a63-9ddf-420c-8473-4b3dadb96083	2026-07-20	local-parser	JAVA 개발자 모집 공고	(주)인텔리코드	added	경기 수원시 영통구
https://www.saramin.co.kr/zf_user/jobs/relay/view?view_type=search&rec_idx=54470897&location=ts&searchword=Java+Backend+Engineer&searchType=search&paid_fl=n&search_uuid=c7303a63-9ddf-420c-8473-4b3dadb96083	2026-07-20	local-parser	Back-End Engineer	(주)퓨쳐스콜레	added	서울 성동구
https://www.saramin.co.kr/zf_user/jobs/relay/view?view_type=search&rec_idx=54459499&location=ts&searchword=Java+Backend+Engineer&searchType=search&paid_fl=n&search_uuid=c7303a63-9ddf-420c-8473-4b3dadb96083	2026-07-20	local-parser	[역삼/고급] WAS·JAVA·Spring 버전업 개발자 모집	주식회사엔디엑스	added	서울 강남구
https://www.saramin.co.kr/zf_user/jobs/relay/view?view_type=search&rec_idx=54503886&location=ts&searchword=Kotlin+Spring+%EB%B0%B1%EC%97%94%EB%93%9C&searchType=search&paid_fl=n&search_uuid=84892339-48e6-4245-a671-31201a268218	2026-07-20	local-parser	[피트인] 백엔드 엔지니어 경력자 모집 (현대차 분사 기업)	(주)피트인	added	경기 안양시 만안구
https://www.saramin.co.kr/zf_user/jobs/relay/view?view_type=search&rec_idx=54500836&location=ts&searchword=Kotlin+Spring+%EB%B0%B1%EC%97%94%EB%93%9C&searchType=search&paid_fl=n&search_uuid=84892339-48e6-4245-a671-31201a268218	2026-07-20	local-parser	백엔드 개발자(경력) 모집	(주)플랜핏	added	서울 마포구
https://www.saramin.co.kr/zf_user/jobs/relay/view?view_type=search&rec_idx=54489553&location=ts&searchword=Kotlin+Spring+%EB%B0%B1%EC%97%94%EB%93%9C&searchType=search&paid_fl=n&search_uuid=84892339-48e6-4245-a671-31201a268218	2026-07-20	local-parser	서버 개발자 - 결제 서비스	(주)카카오페이	added	경기 성남시 분당구
https://www.saramin.co.kr/zf_user/jobs/relay/view?view_type=search&rec_idx=54489543&location=ts&searchword=Kotlin+Spring+%EB%B0%B1%EC%97%94%EB%93%9C&searchType=search&paid_fl=n&search_uuid=84892339-48e6-4245-a671-31201a268218	2026-07-20	local-parser	서버 개발자 - 스테이블코인 발행/유통	(주)카카오페이	added	경기 성남시 분당구
https://www.saramin.co.kr/zf_user/jobs/relay/view?view_type=search&rec_idx=54482738&location=ts&searchword=Kotlin+Spring+%EB%B0%B1%EC%97%94%EB%93%9C&searchType=search&paid_fl=n&search_uuid=84892339-48e6-4245-a671-31201a268218	2026-07-20	local-parser	[주식회사 띵동] 신입 백엔드 개발자 모집	주식회사 띵동	added	대전 서구
https://www.saramin.co.kr/zf_user/jobs/relay/view?view_type=search&rec_idx=54472225&location=ts&searchword=Kotlin+Spring+%EB%B0%B1%EC%97%94%EB%93%9C&searchType=search&paid_fl=n&search_uuid=84892339-48e6-4245-a671-31201a268218	2026-07-20	local-parser	[경력] 백엔드(Back-End) 개발자 채용	(주)업사이트	added	서울 마포구
https://www.saramin.co.kr/zf_user/jobs/relay/view?view_type=search&rec_idx=54446690&location=ts&searchword=Kotlin+Spring+%EB%B0%B1%EC%97%94%EB%93%9C&searchType=search&paid_fl=n&search_uuid=84892339-48e6-4245-a671-31201a268218	2026-07-20	local-parser	Backend Engineer (Service Platform)	넥스트증권(주)	added	서울 영등포구
https://www.saramin.co.kr/zf_user/jobs/relay/view?view_type=search&rec_idx=54441603&location=ts&searchword=Kotlin+Spring+%EB%B0%B1%EC%97%94%EB%93%9C&searchType=search&paid_fl=n&search_uuid=84892339-48e6-4245-a671-31201a268218	2026-07-20	local-parser	웹/앱 프런트 및 백엔드 프로그래머를 모십니다.	㈜폴리큐브	added	서울 강남구
https://www.saramin.co.kr/zf_user/jobs/relay/view?view_type=search&rec_idx=54438787&location=ts&searchword=Kotlin+Spring+%EB%B0%B1%EC%97%94%EB%93%9C&searchType=search&paid_fl=n&search_uuid=84892339-48e6-4245-a671-31201a268218	2026-07-20	local-parser	back-end 모십니다.	주식회사카플	added	서울 강남구
https://www.saramin.co.kr/zf_user/jobs/relay/view?view_type=search&rec_idx=54429671&location=ts&searchword=Kotlin+Spring+%EB%B0%B1%EC%97%94%EB%93%9C&searchType=search&paid_fl=n&search_uuid=84892339-48e6-4245-a671-31201a268218	2026-07-20	local-parser	Back-End 개발 채용	(주)마이베네핏	added	서울 서초구
https://www.saramin.co.kr/zf_user/jobs/relay/view?view_type=search&rec_idx=54418452&location=ts&searchword=Kotlin+Spring+%EB%B0%B1%EC%97%94%EB%93%9C&searchType=search&paid_fl=n&search_uuid=84892339-48e6-4245-a671-31201a268218	2026-07-20	local-parser	응용프로그램 개발자(JAVA, Nuxt, API )	코리아티피 주식회사	added	서울 구로구
https://www.saramin.co.kr/zf_user/jobs/relay/view?view_type=search&rec_idx=54414763&location=ts&searchword=Kotlin+Spring+%EB%B0%B1%EC%97%94%EB%93%9C&searchType=search&paid_fl=n&search_uuid=84892339-48e6-4245-a671-31201a268218	2026-07-20	local-parser	Product Engineer(Server, Backend)를 찾고 있습니다	(주)브이엠에스홀딩스	added	서울 강서구
https://www.saramin.co.kr/zf_user/jobs/relay/view?view_type=search&rec_idx=54409768&location=ts&searchword=Kotlin+Spring+%EB%B0%B1%EC%97%94%EB%93%9C&searchType=search&paid_fl=n&search_uuid=84892339-48e6-4245-a671-31201a268218	2026-07-20	local-parser	[셀러허브] 식스샵 기술지원팀 백엔드개발자 채용(1~3년)	(주)셀러허브	added	서울 강남구
https://www.saramin.co.kr/zf_user/jobs/relay/view?view_type=search&rec_idx=54407873&location=ts&searchword=Kotlin+Spring+%EB%B0%B1%EC%97%94%EB%93%9C&searchType=search&paid_fl=n&search_uuid=84892339-48e6-4245-a671-31201a268218	2026-07-20	local-parser	[다우키움 계열사] 사내 정산 시스템 백엔드 개발자 (7년 이상)	(주)키다리스튜디오	added	서울 성동구
https://www.saramin.co.kr/zf_user/jobs/relay/view?view_type=search&rec_idx=54405704&location=ts&searchword=Kotlin+Spring+%EB%B0%B1%EC%97%94%EB%93%9C&searchType=search&paid_fl=n&search_uuid=84892339-48e6-4245-a671-31201a268218	2026-07-20	local-parser	병원 솔루션(B2B SaaS) 백엔드 개발자(유명 의료플랫폼)	(주)엔엠에스컨설팅	added	서울 강남구
https://bucketplace.career.greetinghr.com/ko/o/217970	2026-07-20	manual-browser	Backend Engineer	오늘의집페이	added	서울 서초구
https://careers.daangn.com/jobs/role/4511184003/	2026-07-20	manual-browser	Software Engineer, Backend - 당근페이	당근페이	added	서울 서초구
https://recruit.kreampaycorp.com/rcrt/view.do?annoId=30004712	2026-07-20	manual-browser	Backend 개발자	KREAM Pay	added	경기 성남시 분당구
https://nice.career.greetinghr.com/ko/o/220118	2026-07-20	manual-browser	백엔드 서버 개발자	NICE정보통신	added	서울 영등포구
https://www.wanted.co.kr/wd/373343	2026-07-20	manual-browser	Daum 메일 개발자(Backend)	에이엑스지(axz)	added	경기 성남시 분당구
https://www.jobkorea.co.kr/Recruit/GI_Read/49406619	2026-07-20	manual-browser	CJ ONE 회원 서비스 백엔드 개발자	CJ올리브네트웍스	added	서울 용산구
https://cafe.naver.com/f-e/cafes/31258781/articles/36030	2026-07-26	naver-cafe-api	~상시 / 111퍼센트｜웹 서버 개발자	Naver Cafe Workhub p3	added	경력
https://cafe.naver.com/f-e/cafes/31258781/articles/35983	2026-07-26	naver-cafe-api	[경력] ~상시 / 공간의가치 - 공간의가치(주) 백엔드 엔지니어	Naver Cafe Workhub p4	added	
https://cafe.naver.com/f-e/cafes/31258781/articles/35982	2026-07-26	naver-cafe-api	[경력] ~상시 / 휴몬랩 - [신입/경력] 백엔드 개발자 (교육용 AI SaaS)	Naver Cafe Workhub p4	added	
https://cafe.naver.com/f-e/cafes/31258781/articles/35970	2026-07-26	naver-cafe-api	[경력] ~상시 / 셀렉트스타 - Backend Engineer (3년 이상)	Naver Cafe Workhub p4	added	
https://cafe.naver.com/f-e/cafes/31258781/articles/36096	2026-07-26	naver-cafe-api	~상시 / 베이글코드｜[CVS] 서버 개발자	Naver Cafe Workhub	added	경력
https://cafe.naver.com/f-e/cafes/31258781/articles/36082	2026-07-26	naver-cafe-api	[경력] ~26.08.09 / CJ올리브영 - Core Platform Engineer (Back-End)	Naver Cafe Workhub	added	
https://cafe.naver.com/f-e/cafes/31258781/articles/36059	2026-07-26	naver-cafe-api	[경력] ~26.08.21 / 안드로메다의영웅들 - 3~5년차 웹/백엔드 개발자 (AWS유경험자 우대)	Naver Cafe Workhub p2	added	
https://cafe.naver.com/f-e/cafes/31258781/articles/36054	2026-07-26	naver-cafe-api	[경력] ~상시 / 아스타 - 커머스 OS Backend / Data Platform Engineer	Naver Cafe Workhub p2	added	
https://cafe.naver.com/f-e/cafes/31258781/articles/36039	2026-07-26	naver-cafe-api	[경력] ~상시 / 브이피피랩 - 백엔드 개발 엔지니어 (팀원)	Naver Cafe Workhub p2	added	
https://cafe.naver.com/f-e/cafes/31258781/articles/35964	2026-07-26	naver-cafe-api	[경력] ~상시 / 스마트푸드네트웍스 - ROS 백엔드 개발자	Naver Cafe Workhub p5	added	
https://cafe.naver.com/f-e/cafes/31258781/articles/35941	2026-07-26	naver-cafe-api	[경력] ~26.08.02 / 한빛앤(주) - Product Engineer (Backend Focus)	Naver Cafe Workhub p5	added	
https://cafe.naver.com/f-e/cafes/31258781/articles/35934	2026-07-26	naver-cafe-api	[신입 및 경력] ~상시 / 베이비챗 - 백엔드 엔지니어 (Growth Backend Engineer)	Naver Cafe Workhub p5	added	
https://www.saramin.co.kr/zf_user/jobs/relay/view?view_type=search&rec_idx=54563694&location=ts&searchword=%EB%B0%B1%EC%97%94%EB%93%9C+Java+Spring&searchType=search&paid_fl=n&search_uuid=67d6ce20-1cb9-44ec-a3e5-37ebbbb272bb	2026-07-26	local-parser	서비스 백엔드 개발 및 운영 (8-17년)	주) 석세스코리아컨설팅	added	서울 중구
https://www.saramin.co.kr/zf_user/jobs/relay/view?view_type=search&rec_idx=54560178&location=ts&searchword=%EB%B0%B1%EC%97%94%EB%93%9C+Java+Spring&searchType=search&paid_fl=n&search_uuid=67d6ce20-1cb9-44ec-a3e5-37ebbbb272bb	2026-07-26	local-parser	[JAVA 웹/어플리케이션 ]JAVA 웹/프로세스 초급 개발자 모십니다	(주)솔게이트	added	서울 종로구
https://www.saramin.co.kr/zf_user/jobs/relay/view?view_type=search&rec_idx=54560064&location=ts&searchword=%EB%B0%B1%EC%97%94%EB%93%9C+Java+Spring&searchType=search&paid_fl=n&search_uuid=67d6ce20-1cb9-44ec-a3e5-37ebbbb272bb	2026-07-26	local-parser	[스테이블코인] 서버 개발자 - 스테이블코인 발행 & 유통	(주)카카오페이	added	경기 성남시 분당구
https://www.saramin.co.kr/zf_user/jobs/relay/view?view_type=search&rec_idx=54560051&location=ts&searchword=%EB%B0%B1%EC%97%94%EB%93%9C+Java+Spring&searchType=search&paid_fl=n&search_uuid=67d6ce20-1cb9-44ec-a3e5-37ebbbb272bb	2026-07-26	local-parser	서버 개발자 - 결제 서비스	(주)카카오페이	added	경기 성남시 분당구
https://www.saramin.co.kr/zf_user/jobs/relay/view?view_type=search&rec_idx=54559695&location=ts&searchword=%EB%B0%B1%EC%97%94%EB%93%9C+Java+Spring&searchType=search&paid_fl=n&search_uuid=67d6ce20-1cb9-44ec-a3e5-37ebbbb272bb	2026-07-26	local-parser	JAVA 개발자 경력 채용 공고	(주)언플러	added	서울 강남구
https://www.saramin.co.kr/zf_user/jobs/relay/view?view_type=search&rec_idx=54557054&location=ts&searchword=%EB%B0%B1%EC%97%94%EB%93%9C+Java+Spring&searchType=search&paid_fl=n&search_uuid=67d6ce20-1cb9-44ec-a3e5-37ebbbb272bb	2026-07-26	local-parser	[SSG페이먼츠] 백엔드 개발자 모집 (경력)	(주)에스에스지페이먼츠	added	서울 영등포구
https://www.saramin.co.kr/zf_user/jobs/relay/view?view_type=search&rec_idx=54557021&location=ts&searchword=%EB%B0%B1%EC%97%94%EB%93%9C+Java+Spring&searchType=search&paid_fl=n&search_uuid=67d6ce20-1cb9-44ec-a3e5-37ebbbb272bb	2026-07-26	local-parser	[핀테크] Java/Kotlin 백엔드 개발자 채용공고	(주)핀테크	added	서울 영등포구
https://www.saramin.co.kr/zf_user/jobs/relay/view?view_type=search&rec_idx=54556665&location=ts&searchword=%EB%B0%B1%EC%97%94%EB%93%9C+Java+Spring&searchType=search&paid_fl=n&search_uuid=67d6ce20-1cb9-44ec-a3e5-37ebbbb272bb	2026-07-26	local-parser	[FAP팀] 백엔드 개발자 채용	(주)알티넷솔루션	added	서울 강남구
https://www.saramin.co.kr/zf_user/jobs/relay/view?view_type=search&rec_idx=54556341&location=ts&searchword=%EB%B0%B1%EC%97%94%EB%93%9C+Java+Spring&searchType=search&paid_fl=n&search_uuid=67d6ce20-1cb9-44ec-a3e5-37ebbbb272bb	2026-07-26	local-parser	[플랫폼개발팀] Java 개발자	(주)델레오코리아	added	서울 강남구
https://www.saramin.co.kr/zf_user/jobs/relay/view?view_type=search&rec_idx=54556168&location=ts&searchword=%EB%B0%B1%EC%97%94%EB%93%9C+Java+Spring&searchType=search&paid_fl=n&search_uuid=67d6ce20-1cb9-44ec-a3e5-37ebbbb272bb	2026-07-26	local-parser	JAVA 웹 프로그래머 경력 채용	근남정보기술(주)	added	대전 서구
https://www.saramin.co.kr/zf_user/jobs/relay/view?view_type=search&rec_idx=54555891&location=ts&searchword=%EB%B0%B1%EC%97%94%EB%93%9C+Java+Spring&searchType=search&paid_fl=n&search_uuid=67d6ce20-1cb9-44ec-a3e5-37ebbbb272bb	2026-07-26	local-parser	(주)차후 2026 백엔드 개발자 경력 채용	주식회사 차후	added	경기 성남시 분당구
https://www.saramin.co.kr/zf_user/jobs/relay/view?view_type=search&rec_idx=54554963&location=ts&searchword=%EB%B0%B1%EC%97%94%EB%93%9C+Java+Spring&searchType=search&paid_fl=n&search_uuid=67d6ce20-1cb9-44ec-a3e5-37ebbbb272bb	2026-07-26	local-parser	병원 솔루션(B2B SaaS) 백엔드 개발자(유명 의료플랫폼)	(주)엔엠에스컨설팅	added	서울 강남구
https://www.saramin.co.kr/zf_user/jobs/relay/view?view_type=search&rec_idx=54554210&location=ts&searchword=%EB%B0%B1%EC%97%94%EB%93%9C+Java+Spring&searchType=search&paid_fl=n&search_uuid=67d6ce20-1cb9-44ec-a3e5-37ebbbb272bb	2026-07-26	local-parser	백엔드 개발자 (Java / Spring Boot) 채용	(주)젝토	added	서울 광진구
https://www.saramin.co.kr/zf_user/jobs/relay/view?view_type=search&rec_idx=54552344&location=ts&searchword=%EB%B0%B1%EC%97%94%EB%93%9C+Java+Spring&searchType=search&paid_fl=n&search_uuid=67d6ce20-1cb9-44ec-a3e5-37ebbbb272bb	2026-07-26	local-parser	백엔드 개발 엔지니어 (팀원)	(주)브이피피랩	added	제주 제주시
https://www.saramin.co.kr/zf_user/jobs/relay/view?view_type=search&rec_idx=54551996&location=ts&searchword=%EB%B0%B1%EC%97%94%EB%93%9C+Java+Spring&searchType=search&paid_fl=n&search_uuid=67d6ce20-1cb9-44ec-a3e5-37ebbbb272bb	2026-07-26	local-parser	[HNIX] AI/백엔드개발자 채용	에이치엔아이엑스(주)	added	서울 중구
https://www.saramin.co.kr/zf_user/jobs/relay/view?view_type=search&rec_idx=54547207&location=ts&searchword=%EB%B0%B1%EC%97%94%EB%93%9C+Java+Spring&searchType=search&paid_fl=n&search_uuid=67d6ce20-1cb9-44ec-a3e5-37ebbbb272bb	2026-07-26	local-parser	(주)디지캡 백엔드 개발 경력사원 모집	(주)디지캡	added	서울 강서구
https://www.saramin.co.kr/zf_user/jobs/relay/view?view_type=search&rec_idx=54546814&location=ts&searchword=%EB%B0%B1%EC%97%94%EB%93%9C+Java+Spring&searchType=search&paid_fl=n&search_uuid=67d6ce20-1cb9-44ec-a3e5-37ebbbb272bb	2026-07-26	local-parser	Java/Spring 기반 시니어 리빙 솔루션 AI 고도화 백엔드 개발	(주)테크레디	added	서울 서초구
https://www.saramin.co.kr/zf_user/jobs/relay/view?view_type=search&rec_idx=54546766&location=ts&searchword=%EB%B0%B1%EC%97%94%EB%93%9C+Java+Spring&searchType=search&paid_fl=n&search_uuid=67d6ce20-1cb9-44ec-a3e5-37ebbbb272bb	2026-07-26	local-parser	음악 서비스 백엔드 서버 개발자 채용	(주)드림어스컴퍼니	added	서울 강남구
https://www.saramin.co.kr/zf_user/jobs/relay/view?view_type=search&rec_idx=54546753&location=ts&searchword=%EB%B0%B1%EC%97%94%EB%93%9C+Java+Spring&searchType=search&paid_fl=n&search_uuid=67d6ce20-1cb9-44ec-a3e5-37ebbbb272bb	2026-07-26	local-parser	콘텐츠 플랫폼 백엔드 개발(3년 이상)	(주)드림어스컴퍼니	added	서울 강남구
https://www.saramin.co.kr/zf_user/jobs/relay/view?view_type=search&rec_idx=54546391&location=ts&searchword=%EB%B0%B1%EC%97%94%EB%93%9C+Java+Spring&searchType=search&paid_fl=n&search_uuid=67d6ce20-1cb9-44ec-a3e5-37ebbbb272bb	2026-07-26	local-parser	Web 개발자 모집 (Java, Spring, AI )	(주)에스제이테크놀로지	added	서울 마포구
https://www.saramin.co.kr/zf_user/jobs/relay/view?view_type=search&rec_idx=54547827&location=ts&searchword=Java+Backend+Engineer&searchType=search&paid_fl=n&search_uuid=bdac490c-86e7-4ea9-a5a7-cda89c21fdc2	2026-07-26	local-parser	[솔트룩스] 백엔드개발 개발자 FDE 채용	(주)솔트룩스	added	서울 송파구
https://www.saramin.co.kr/zf_user/jobs/relay/view?view_type=search&rec_idx=54545763&location=ts&searchword=Java+Backend+Engineer&searchType=search&paid_fl=n&search_uuid=bdac490c-86e7-4ea9-a5a7-cda89c21fdc2	2026-07-26	local-parser	[외국계/정규직] 백엔드 소프트웨어 엔지니어 채용 (6년 이상)	엘브이아이에스코리아(주)	added	서울 서초구
https://www.saramin.co.kr/zf_user/jobs/relay/view?view_type=search&rec_idx=54517546&location=ts&searchword=Java+Backend+Engineer&searchType=search&paid_fl=n&search_uuid=bdac490c-86e7-4ea9-a5a7-cda89c21fdc2	2026-07-26	local-parser	GeoAI Platform Backend Engineer	(주)스패이드	added	서울 강남구
https://www.saramin.co.kr/zf_user/jobs/relay/view?view_type=search&rec_idx=54553223&location=ts&searchword=Kotlin+Spring+%EB%B0%B1%EC%97%94%EB%93%9C&searchType=search&paid_fl=n&search_uuid=cca6bbaf-372b-4477-b985-7f303c7d2d8d	2026-07-26	local-parser	[Product] Product Engineer (AI Agent Backend)	플렉스(주)	added	경기 성남시 분당구
https://www.saramin.co.kr/zf_user/jobs/relay/view?view_type=search&rec_idx=54545914&location=ts&searchword=Kotlin+Spring+%EB%B0%B1%EC%97%94%EB%93%9C&searchType=search&paid_fl=n&search_uuid=cca6bbaf-372b-4477-b985-7f303c7d2d8d	2026-07-26	local-parser	[STL] 스타트투데이 백엔드 개발자 채용	(주)에스티엘	added	서울 강서구
https://www.saramin.co.kr/zf_user/jobs/relay/view?view_type=search&rec_idx=54541308&location=ts&searchword=Kotlin+Spring+%EB%B0%B1%EC%97%94%EB%93%9C&searchType=search&paid_fl=n&search_uuid=cca6bbaf-372b-4477-b985-7f303c7d2d8d	2026-07-26	local-parser	백엔드 서비스 개발 및 유지보수 인력 채용(신입/경력)	(주)스마트엠투엠	added	부산 해운대구
https://www.saramin.co.kr/zf_user/jobs/relay/view?view_type=search&rec_idx=54536061&location=ts&searchword=Kotlin+Spring+%EB%B0%B1%EC%97%94%EB%93%9C&searchType=search&paid_fl=n&search_uuid=cca6bbaf-372b-4477-b985-7f303c7d2d8d	2026-07-26	local-parser	백엔드 개발자 채용	(주)홀빅	added	서울 송파구
https://www.saramin.co.kr/zf_user/jobs/relay/view?view_type=search&rec_idx=54535145&location=ts&searchword=Kotlin+Spring+%EB%B0%B1%EC%97%94%EB%93%9C&searchType=search&paid_fl=n&search_uuid=cca6bbaf-372b-4477-b985-7f303c7d2d8d	2026-07-26	local-parser	[스타랩스] JAVA 웹 개발자 채용	주식회사 스타랩스	added	충남 아산시
https://www.saramin.co.kr/zf_user/jobs/relay/view?view_type=search&rec_idx=54503886&location=ts&searchword=Kotlin+Spring+%EB%B0%B1%EC%97%94%EB%93%9C&searchType=search&paid_fl=n&search_uuid=cca6bbaf-372b-4477-b985-7f303c7d2d8d	2026-07-26	local-parser	[피트인] 백엔드 엔지니어 경력자 모집 (현대차 분사 기업)	(주)피트인	added	경기 안양시 만안구
https://www.saramin.co.kr/zf_user/jobs/relay/view?view_type=search&rec_idx=54503840&location=ts&searchword=Kotlin+Spring+%EB%B0%B1%EC%97%94%EB%93%9C&searchType=search&paid_fl=n&search_uuid=cca6bbaf-372b-4477-b985-7f303c7d2d8d	2026-07-26	local-parser	[Jobplanet] Backend Engineer (10년 이상)	잡플래닛(유)	added	서울 서초구
https://www.saramin.co.kr/zf_user/jobs/relay/view?view_type=search&rec_idx=54501979&location=ts&searchword=Kotlin+Spring+%EB%B0%B1%EC%97%94%EB%93%9C&searchType=search&paid_fl=n&search_uuid=cca6bbaf-372b-4477-b985-7f303c7d2d8d	2026-07-26	local-parser	[네이버웹툰] 백엔드 서버 개발 (경력)	네이버웹툰(유)	added	경기 성남시 분당구
https://www.saramin.co.kr/zf_user/jobs/relay/view?view_type=search&rec_idx=54500836&location=ts&searchword=Kotlin+Spring+%EB%B0%B1%EC%97%94%EB%93%9C&searchType=search&paid_fl=n&search_uuid=cca6bbaf-372b-4477-b985-7f303c7d2d8d	2026-07-26	local-parser	백엔드 개발자(경력) 모집	(주)플랜핏	added	서울 마포구
https://www.saramin.co.kr/zf_user/jobs/relay/view?view_type=search&rec_idx=54483510&location=ts&searchword=Kotlin+Spring+%EB%B0%B1%EC%97%94%EB%93%9C&searchType=search&paid_fl=n&search_uuid=cca6bbaf-372b-4477-b985-7f303c7d2d8d	2026-07-26	local-parser	[개발팀] Backend Engineer	에버엑스 주식회사	added	서울 서초구
https://www.saramin.co.kr/zf_user/jobs/relay/view?view_type=search&rec_idx=54482981&location=ts&searchword=Kotlin+Spring+%EB%B0%B1%EC%97%94%EB%93%9C&searchType=search&paid_fl=n&search_uuid=cca6bbaf-372b-4477-b985-7f303c7d2d8d	2026-07-26	local-parser	[특허 버티컬 AI 전문 기업] 백엔드 엔지니어	에이피써치	added	서울 강남구
https://www.saramin.co.kr/zf_user/jobs/relay/view?view_type=search&rec_idx=54482738&location=ts&searchword=Kotlin+Spring+%EB%B0%B1%EC%97%94%EB%93%9C&searchType=search&paid_fl=n&search_uuid=cca6bbaf-372b-4477-b985-7f303c7d2d8d	2026-07-26	local-parser	[주식회사 띵동] 신입 백엔드 개발자 모집	주식회사 띵동	added	대전 서구
https://www.saramin.co.kr/zf_user/jobs/relay/view?view_type=search&rec_idx=54446690&location=ts&searchword=Kotlin+Spring+%EB%B0%B1%EC%97%94%EB%93%9C&searchType=search&paid_fl=n&search_uuid=cca6bbaf-372b-4477-b985-7f303c7d2d8d	2026-07-26	local-parser	Backend Engineer (Service Platform)	넥스트증권(주)	added	서울 영등포구
https://www.saramin.co.kr/zf_user/jobs/relay/view?view_type=search&rec_idx=54610692	2026-07-31	curated-scan	서버 개발자 - 결제 서비스	카카오페이	added	경기 성남시 분당구
https://www.saramin.co.kr/zf_user/jobs/relay/view?view_type=search&rec_idx=54610695	2026-07-31	curated-scan	[스테이블코인] 서버 개발자 - 스테이블코인 발행 & 유통	카카오페이	added	경기 성남시 분당구
https://www.saramin.co.kr/zf_user/jobs/relay/view?view_type=search&rec_idx=54573839	2026-07-31	curated-scan	[토스인슈어런스] Server Developer(Finance)	비바리퍼블리카	added	서울 구로구
https://cafe.naver.com/f-e/cafes/31258781/articles/36207	2026-07-31	curated-naver-cafe	[경력] ~상시 / 페이히어 - 서버 엔지니어 (Kotlin/Spring)	페이히어	added	상시
https://www.saramin.co.kr/zf_user/jobs/relay/view?view_type=search&rec_idx=54616301	2026-07-31	curated-scan	[개발 본부] 백엔드 개발자 채용	매드업	added	서울 강남구
https://www.saramin.co.kr/zf_user/jobs/relay/view?view_type=search&rec_idx=54571707	2026-07-31	curated-scan	백엔드 엔지니어 (Java)	굿닥	added	서울 강남구
https://www.saramin.co.kr/zf_user/jobs/relay/view?view_type=search&rec_idx=54553223	2026-07-31	curated-scan	[Product] Product Engineer (AI Agent Backend)	플렉스	added	경기 성남시 분당구
https://cafe.naver.com/f-e/cafes/31258781/articles/36205	2026-07-31	curated-naver-cafe	[신입 및 경력] ~26.08.31 / F&F - 디지털본부 Java/Spring 백엔드 개발(ERP/AI시스템)	F&F	added	마감 2026-08-31
https://cafe.naver.com/f-e/cafes/31258781/articles/36324	2026-08-04	naver-cafe-api	~상시 / 주식회사 지로｜[경력] 백엔드 개발자	Naver Cafe Workhub p2	added	경력
https://cafe.naver.com/f-e/cafes/31258781/articles/36383	2026-08-04	naver-cafe-api	[경력] ~상시 / 인포뱅크 - [코스닥 상장사] Backend Engineer(3년 이상)	Naver Cafe Workhub	added	
https://cafe.naver.com/f-e/cafes/31258781/articles/36359	2026-08-04	naver-cafe-api	[경력] ~상시 / 페이히어 - 서버 엔지니어 (Kotlin/Spring)	Naver Cafe Workhub	added	
https://cafe.naver.com/f-e/cafes/31258781/articles/36357	2026-08-04	naver-cafe-api	[경력] ~상시 / 하이퍼스타(Hyperstar) - 백엔드 / 풀스택 개발자 Backend / Full-Stack Engineer	Naver Cafe Workhub	added	
https://cafe.naver.com/f-e/cafes/31258781/articles/36351	2026-08-04	naver-cafe-api	[경력] ~26.08.31 / 에이치아이티 - 풀스택 Nest.js 서버 개발, React 및 Flutter web 개발	Naver Cafe Workhub	added	
https://cafe.naver.com/f-e/cafes/31258781/articles/36292	2026-08-04	naver-cafe-api	~상시 / 주식회사 일레븐｜백엔드 엔지니어 (Growth Backend Engineer)	Naver Cafe Workhub p4	added	경력
https://cafe.naver.com/f-e/cafes/31258781/articles/36289	2026-08-04	naver-cafe-api	~상시 / 드림어스컴퍼니｜콘텐츠 플랫폼 백엔드 개발(3년 이상)	Naver Cafe Workhub p4	added	경력
https://cafe.naver.com/f-e/cafes/31258781/articles/36288	2026-08-04	naver-cafe-api	~상시 / 세탁특공대｜[Tech] Backend Engineer	Naver Cafe Workhub p4	added	경력
https://cafe.naver.com/f-e/cafes/31258781/articles/36279	2026-08-04	naver-cafe-api	[경력] ~26.08.13 / KB국민은행 - 「Back-end 개발」 전문직무직원 채용	Naver Cafe Workhub p4	added	
https://cafe.naver.com/f-e/cafes/31258781/articles/36312	2026-08-04	naver-cafe-api	~상시 / 사이오닉에이아이｜Backend Developer – Kotlin+Spring (3년 이상)	Naver Cafe Workhub p3	added	경력
https://cafe.naver.com/f-e/cafes/31258781/articles/36309	2026-08-04	naver-cafe-api	~상시 / 엑셈｜Java 백엔드 개발자 채용 (2년 이상)	Naver Cafe Workhub p3	added	경력
https://cafe.naver.com/f-e/cafes/31258781/articles/36308	2026-08-04	naver-cafe-api	~상시 / 엑셈｜Golang 개발자 채용 (경력직, 경력 무관)	Naver Cafe Workhub p3	added	경력
https://cafe.naver.com/f-e/cafes/31258781/articles/36307	2026-08-04	naver-cafe-api	~상시 / 엑셈｜Java 백엔드 개발자 채용 (경력직, 경력 무관)	Naver Cafe Workhub p3	added	경력
https://cafe.naver.com/f-e/cafes/31258781/articles/36278	2026-08-04	naver-cafe-api	[경력] ~26.08.31 / 에버온 - 플랫폼 백엔드 개발자 (API/Gateway/BFF담당)	Naver Cafe Workhub p5	added	
https://cafe.naver.com/f-e/cafes/31258781/articles/36267	2026-08-04	naver-cafe-api	[경력] ~상시 / 스마트푸드네트웍스 - 백엔드 개발자	Naver Cafe Workhub p5	added	
https://cafe.naver.com/f-e/cafes/31258781/articles/36249	2026-08-04	naver-cafe-api	[경력] ~26.09.30 / 비비티에이아이 - Backend Developper	Naver Cafe Workhub p5	added	
https://www.saramin.co.kr/zf_user/jobs/relay/view?view_type=search&rec_idx=54642393&location=ts&searchword=%EB%B0%B1%EC%97%94%EB%93%9C+Java+Spring&searchType=search&paid_fl=n&search_uuid=a900c638-36d4-4c4e-b08d-a39df1fc01bf	2026-08-04	local-parser	[셈웨어] 백엔드 개발자 채용	주식회사 셈웨어	added	서울 금천구
https://www.saramin.co.kr/zf_user/jobs/relay/view?view_type=search&rec_idx=54639380&location=ts&searchword=%EB%B0%B1%EC%97%94%EB%93%9C+Java+Spring&searchType=search&paid_fl=n&search_uuid=a900c638-36d4-4c4e-b08d-a39df1fc01bf	2026-08-04	local-parser	Backend Engineer(3년 이상)	인포뱅크(주)	added	경기 성남시 분당구
https://www.saramin.co.kr/zf_user/jobs/relay/view?view_type=search&rec_idx=54639030&location=ts&searchword=%EB%B0%B1%EC%97%94%EB%93%9C+Java+Spring&searchType=search&paid_fl=n&search_uuid=a900c638-36d4-4c4e-b08d-a39df1fc01bf	2026-08-04	local-parser	[경력] 백엔드(Back-End) 개발자 채용	(주)업사이트	added	서울 마포구
https://www.saramin.co.kr/zf_user/jobs/relay/view?view_type=search&rec_idx=54638934&location=ts&searchword=%EB%B0%B1%EC%97%94%EB%93%9C+Java+Spring&searchType=search&paid_fl=n&search_uuid=a900c638-36d4-4c4e-b08d-a39df1fc01bf	2026-08-04	local-parser	Java 기반 백엔드/서버개발자 경력	송암시스콤(주)	added	전남광주 나주시
https://www.saramin.co.kr/zf_user/jobs/relay/view?view_type=search&rec_idx=54635044&location=ts&searchword=%EB%B0%B1%EC%97%94%EB%93%9C+Java+Spring&searchType=search&paid_fl=n&search_uuid=a900c638-36d4-4c4e-b08d-a39df1fc01bf	2026-08-04	local-parser	[신입/경력] React/Spring Boot 기반 개발자 채용 (면접비 지급)	(주)데이터유니버스	added	서울 영등포구
https://www.saramin.co.kr/zf_user/jobs/relay/view?view_type=search&rec_idx=54633112&location=ts&searchword=%EB%B0%B1%EC%97%94%EB%93%9C+Java+Spring&searchType=search&paid_fl=n&search_uuid=a900c638-36d4-4c4e-b08d-a39df1fc01bf	2026-08-04	local-parser	콜브릿지(상담콜) 백엔드 개발자 경력직 채용 (2-7년)	(주)블룸에이아이	added	서울 중구
https://www.saramin.co.kr/zf_user/jobs/relay/view?view_type=search&rec_idx=54631079&location=ts&searchword=%EB%B0%B1%EC%97%94%EB%93%9C+Java+Spring&searchType=search&paid_fl=n&search_uuid=a900c638-36d4-4c4e-b08d-a39df1fc01bf	2026-08-04	local-parser	Java Spring 웹시스템 개발·유지관리 함께해요	(주)유시스	added	부산 해운대구
https://www.saramin.co.kr/zf_user/jobs/relay/view?view_type=search&rec_idx=54630933&location=ts&searchword=%EB%B0%B1%EC%97%94%EB%93%9C+Java+Spring&searchType=search&paid_fl=n&search_uuid=a900c638-36d4-4c4e-b08d-a39df1fc01bf	2026-08-04	local-parser	각 부문 경력/신입 모집(영업,영업기획,영업지원,JAVA 개발)	(주)에이치에스씨엠티	added	경기 용인시 기흥구
https://www.saramin.co.kr/zf_user/jobs/relay/view?view_type=search&rec_idx=54630536&location=ts&searchword=%EB%B0%B1%EC%97%94%EB%93%9C+Java+Spring&searchType=search&paid_fl=n&search_uuid=a900c638-36d4-4c4e-b08d-a39df1fc01bf	2026-08-04	local-parser	(주)대영IoT 2026년도 기술연구소 CTO 및 웹 백엔드 개발자 채용	(주)대영아이오티	added	서울 송파구
https://www.saramin.co.kr/zf_user/jobs/relay/view?view_type=search&rec_idx=54629486&location=ts&searchword=%EB%B0%B1%EC%97%94%EB%93%9C+Java+Spring&searchType=search&paid_fl=n&search_uuid=a900c638-36d4-4c4e-b08d-a39df1fc01bf	2026-08-04	local-parser	[팍트라인터내셔널 IT법인] 물류개발자 - vue3, springboot	(주)팍트라인터내셔널	added	서울 강남구
https://www.saramin.co.kr/zf_user/jobs/relay/view?view_type=search&rec_idx=54629080&location=ts&searchword=Java+Backend+Engineer&searchType=search&paid_fl=n&search_uuid=8204d18f-d3ca-474a-9397-ed36631da5bc	2026-08-04	local-parser	[NE능률] 백엔드 개발자 채용 (Back-end Engineer)	(주)NE능률	added	서울 마포구
https://www.saramin.co.kr/zf_user/jobs/relay/view?view_type=search&rec_idx=54617565&location=ts&searchword=Java+Backend+Engineer&searchType=search&paid_fl=n&search_uuid=8204d18f-d3ca-474a-9397-ed36631da5bc	2026-08-04	local-parser	[AI서비스사업본부] 블록체인·스테이블코인 백엔드 개발자	(주)솔트룩스	added	서울 송파구
https://www.saramin.co.kr/zf_user/jobs/relay/view?view_type=search&rec_idx=54616301&location=ts&searchword=Java+Backend+Engineer&searchType=search&paid_fl=n&search_uuid=8204d18f-d3ca-474a-9397-ed36631da5bc	2026-08-04	local-parser	[개발 본부] 백엔드 개발자 채용	매드업	added	서울 강남구
https://www.saramin.co.kr/zf_user/jobs/relay/view?view_type=search&rec_idx=54607677&location=ts&searchword=Java+Backend+Engineer&searchType=search&paid_fl=n&search_uuid=8204d18f-d3ca-474a-9397-ed36631da5bc	2026-08-04	local-parser	[삼성전자 CMC/eSIM ]AWS DB 인프라를 주도 백엔드 개발자 모집	마이데이터(주)	added	서울 서초구
https://www.saramin.co.kr/zf_user/jobs/relay/view?view_type=search&rec_idx=54637764&location=ts&searchword=Kotlin+Spring+%EB%B0%B1%EC%97%94%EB%93%9C&searchType=search&paid_fl=n&search_uuid=464f56b3-d54e-4b4a-982e-ff6ee58aefda	2026-08-04	local-parser	백엔드 개발자 (5-10년)	(주)더스윙	added	서울 종로구
https://www.saramin.co.kr/zf_user/jobs/relay/view?view_type=search&rec_idx=54610695&location=ts&searchword=Kotlin+Spring+%EB%B0%B1%EC%97%94%EB%93%9C&searchType=search&paid_fl=n&search_uuid=464f56b3-d54e-4b4a-982e-ff6ee58aefda	2026-08-04	local-parser	[스테이블코인] 서버 개발자 - 스테이블코인 발행 & 유통	(주)카카오페이	added	경기 성남시 분당구
https://www.saramin.co.kr/zf_user/jobs/relay/view?view_type=search&rec_idx=54610692&location=ts&searchword=Kotlin+Spring+%EB%B0%B1%EC%97%94%EB%93%9C&searchType=search&paid_fl=n&search_uuid=464f56b3-d54e-4b4a-982e-ff6ee58aefda	2026-08-04	local-parser	서버 개발자 - 결제 서비스	(주)카카오페이	added	경기 성남시 분당구
https://www.saramin.co.kr/zf_user/jobs/relay/view?view_type=search&rec_idx=54610147&location=ts&searchword=Kotlin+Spring+%EB%B0%B1%EC%97%94%EB%93%9C&searchType=search&paid_fl=n&search_uuid=464f56b3-d54e-4b4a-982e-ff6ee58aefda	2026-08-04	local-parser	(주)케이사인 백엔드 개발자와 함께 성장해요	(주)케이사인	added	경기 과천시
https://www.saramin.co.kr/zf_user/jobs/relay/view?view_type=search&rec_idx=54595087&location=ts&searchword=Kotlin+Spring+%EB%B0%B1%EC%97%94%EB%93%9C&searchType=search&paid_fl=n&search_uuid=464f56b3-d54e-4b4a-982e-ff6ee58aefda	2026-08-04	local-parser	인공지능 의료 진단 솔루션 백엔드 개발자	(주)아이도트	added	서울 송파구
https://www.saramin.co.kr/zf_user/jobs/relay/view?view_type=search&rec_idx=54588572&location=ts&searchword=Kotlin+Spring+%EB%B0%B1%EC%97%94%EB%93%9C&searchType=search&paid_fl=n&search_uuid=464f56b3-d54e-4b4a-982e-ff6ee58aefda	2026-08-04	local-parser	(업무 협업툴 SaaS, 샤플(Shopl)) 백엔드 개발자	(주)샤플앤컴퍼니	added	서울 강남구
https://www.saramin.co.kr/zf_user/jobs/relay/view?view_type=search&rec_idx=54581599&location=ts&searchword=Kotlin+Spring+%EB%B0%B1%EC%97%94%EB%93%9C&searchType=search&paid_fl=n&search_uuid=464f56b3-d54e-4b4a-982e-ff6ee58aefda	2026-08-04	local-parser	[IT/엔지니어] Server Engineer (Kotlin)	로버트월터스코리아(주)	added	서울 중구
https://www.saramin.co.kr/zf_user/jobs/relay/view?view_type=search&rec_idx=54576961&location=ts&searchword=Kotlin+Spring+%EB%B0%B1%EC%97%94%EB%93%9C&searchType=search&paid_fl=n&search_uuid=464f56b3-d54e-4b4a-982e-ff6ee58aefda	2026-08-04	local-parser	백엔드 엔지니어 시니어급 (핀테크, 모바일페이)	(주)에임즈인터내셔널코리아	added	서울 강남구
https://www.saramin.co.kr/zf_user/jobs/relay/view?view_type=search&rec_idx=54573839&location=ts&searchword=Kotlin+Spring+%EB%B0%B1%EC%97%94%EB%93%9C&searchType=search&paid_fl=n&search_uuid=464f56b3-d54e-4b4a-982e-ff6ee58aefda	2026-08-04	local-parser	[토스인슈어런스] Server Developer(Finance)	(주)비바리퍼블리카	added	서울 구로구
https://www.saramin.co.kr/zf_user/jobs/relay/view?view_type=search&rec_idx=54571707&location=ts&searchword=Kotlin+Spring+%EB%B0%B1%EC%97%94%EB%93%9C&searchType=search&paid_fl=n&search_uuid=464f56b3-d54e-4b4a-982e-ff6ee58aefda	2026-08-04	local-parser	백엔드 엔지니어 (Java)	(주)굿닥	added	서울 강남구
https://www.saramin.co.kr/zf_user/jobs/relay/view?view_type=search&rec_idx=54566660&location=ts&searchword=Kotlin+Spring+%EB%B0%B1%EC%97%94%EB%93%9C&searchType=search&paid_fl=n&search_uuid=464f56b3-d54e-4b4a-982e-ff6ee58aefda	2026-08-04	local-parser	웹/앱 프런트 및 백엔드 프로그래머를 모십니다.	㈜폴리큐브	added	서울 강남구
https://www.saramin.co.kr/zf_user/jobs/relay/view?view_type=search&rec_idx=54557021&location=ts&searchword=Kotlin+Spring+%EB%B0%B1%EC%97%94%EB%93%9C&searchType=search&paid_fl=n&search_uuid=464f56b3-d54e-4b4a-982e-ff6ee58aefda	2026-08-04	local-parser	[핀테크] Java/Kotlin 백엔드 개발자 채용공고	(주)핀테크	added	서울 영등포구
https://www.saramin.co.kr/zf_user/jobs/relay/view?view_type=search&rec_idx=54546766&location=ts&searchword=Kotlin+Spring+%EB%B0%B1%EC%97%94%EB%93%9C&searchType=search&paid_fl=n&search_uuid=464f56b3-d54e-4b4a-982e-ff6ee58aefda	2026-08-04	local-parser	음악 서비스 백엔드 서버 개발자 채용	(주)드림어스컴퍼니	added	서울 강남구
https://www.saramin.co.kr/zf_user/jobs/relay/view?view_type=search&rec_idx=54546753&location=ts&searchword=Kotlin+Spring+%EB%B0%B1%EC%97%94%EB%93%9C&searchType=search&paid_fl=n&search_uuid=464f56b3-d54e-4b4a-982e-ff6ee58aefda	2026-08-04	local-parser	콘텐츠 플랫폼 백엔드 개발(3년 이상)	(주)드림어스컴퍼니	added	서울 강남구
https://www.saramin.co.kr/zf_user/jobs/relay/view?view_type=search&rec_idx=54545914&location=ts&searchword=Kotlin+Spring+%EB%B0%B1%EC%97%94%EB%93%9C&searchType=search&paid_fl=n&search_uuid=464f56b3-d54e-4b4a-982e-ff6ee58aefda	2026-08-04	local-parser	[STL] 스타트투데이 백엔드 개발자 채용	(주)에스티엘	added	서울 강서구
https://www.saramin.co.kr/zf_user/jobs/relay/view?view_type=search&rec_idx=54541308&location=ts&searchword=Kotlin+Spring+%EB%B0%B1%EC%97%94%EB%93%9C&searchType=search&paid_fl=n&search_uuid=464f56b3-d54e-4b4a-982e-ff6ee58aefda	2026-08-04	local-parser	백엔드 서비스 개발 및 유지보수 인력 채용(신입/경력)	(주)스마트엠투엠	added	부산 해운대구
https://www.saramin.co.kr/zf_user/jobs/relay/view?view_type=search&rec_idx=54536061&location=ts&searchword=Kotlin+Spring+%EB%B0%B1%EC%97%94%EB%93%9C&searchType=search&paid_fl=n&search_uuid=464f56b3-d54e-4b4a-982e-ff6ee58aefda	2026-08-04	local-parser	백엔드 개발자 채용	(주)홀빅	added	서울 송파구
https://www.saramin.co.kr/zf_user/jobs/relay/view?view_type=search&rec_idx=54535145&location=ts&searchword=Kotlin+Spring+%EB%B0%B1%EC%97%94%EB%93%9C&searchType=search&paid_fl=n&search_uuid=464f56b3-d54e-4b4a-982e-ff6ee58aefda	2026-08-04	local-parser	[스타랩스] JAVA 웹 개발자 채용	주식회사 스타랩스	added	충남 아산시
https://zighang.com/recruitment/44a799eb-3c42-48d2-8fa0-44d7bfb437c1	2026-08-04	local-parser	[넥스트 증권] Server Developer (Product) 채용	넥스트증권	added	
https://zighang.com/recruitment/b804eccb-53fc-4b29-b128-5d3f13d7df44	2026-08-04	local-parser	[넥스트 증권] Server Developer (원장) 채용	넥스트증권	added	
https://zighang.com/recruitment/9156013c-f3ee-4044-8e71-0a1d672d22fc	2026-08-04	local-parser	[넥스트 증권] 중계 서버 개발자 채용	넥스트증권	added	
https://zighang.com/recruitment/22f4de27-7792-40b1-8381-23ab7d659d4f	2026-08-04	local-parser	백엔드 엔지니어 채용	코드잇	added	
https://zighang.com/recruitment/8a501bff-f472-4b1d-9c9b-53b943693b1c	2026-08-04	local-parser	AK 아이에스 서버 운영 경력 모집 채용	에이케이아이에스	added	
https://zighang.com/recruitment/c5dfac30-f7b7-4daa-8062-48bdfb5d6e8e	2026-08-04	local-parser	Backend Software Engineer (Matching Platform) 채용	하이퍼커넥트	added	
https://zighang.com/recruitment/0a9937e5-6acb-432a-919b-a7f9f13fa5ae	2026-08-04	local-parser	[스패로우] 백엔드 엔지니어 채용	FASOO	added	
https://zighang.com/recruitment/3b772866-4171-4554-844c-5e6bbf039705	2026-08-04	local-parser	백엔드 개발 _ 경력 채용 _ 글로벌 K팝 플랫폼 (Mnet Plus) 채용	CJENM	added	
https://cafe.naver.com/f-e/cafes/31258781/articles/36278	2026-08-04	naver-cafe-api	[경력] ~26.08.31 / 에버온 - 플랫폼 백엔드 개발자 (API/Gateway/BFF담당)	Naver Cafe Workhub p5	added	
https://cafe.naver.com/f-e/cafes/31258781/articles/36267	2026-08-04	naver-cafe-api	[경력] ~상시 / 스마트푸드네트웍스 - 백엔드 개발자	Naver Cafe Workhub p5	added	
https://cafe.naver.com/f-e/cafes/31258781/articles/36249	2026-08-04	naver-cafe-api	[경력] ~26.09.30 / 비비티에이아이 - Backend Developper	Naver Cafe Workhub p5	added	
https://cafe.naver.com/f-e/cafes/31258781/articles/36312	2026-08-04	naver-cafe-api	~상시 / 사이오닉에이아이｜Backend Developer – Kotlin+Spring (3년 이상)	Naver Cafe Workhub p3	added	경력
https://cafe.naver.com/f-e/cafes/31258781/articles/36309	2026-08-04	naver-cafe-api	~상시 / 엑셈｜Java 백엔드 개발자 채용 (2년 이상)	Naver Cafe Workhub p3	added	경력
https://cafe.naver.com/f-e/cafes/31258781/articles/36308	2026-08-04	naver-cafe-api	~상시 / 엑셈｜Golang 개발자 채용 (경력직, 경력 무관)	Naver Cafe Workhub p3	added	경력
https://cafe.naver.com/f-e/cafes/31258781/articles/36307	2026-08-04	naver-cafe-api	~상시 / 엑셈｜Java 백엔드 개발자 채용 (경력직, 경력 무관)	Naver Cafe Workhub p3	added	경력
https://cafe.naver.com/f-e/cafes/31258781/articles/36324	2026-08-04	naver-cafe-api	~상시 / 주식회사 지로｜[경력] 백엔드 개발자	Naver Cafe Workhub p2	added	경력
https://cafe.naver.com/f-e/cafes/31258781/articles/36383	2026-08-04	naver-cafe-api	[경력] ~상시 / 인포뱅크 - [코스닥 상장사] Backend Engineer(3년 이상)	Naver Cafe Workhub	added	
https://cafe.naver.com/f-e/cafes/31258781/articles/36359	2026-08-04	naver-cafe-api	[경력] ~상시 / 페이히어 - 서버 엔지니어 (Kotlin/Spring)	Naver Cafe Workhub	added	
https://cafe.naver.com/f-e/cafes/31258781/articles/36357	2026-08-04	naver-cafe-api	[경력] ~상시 / 하이퍼스타(Hyperstar) - 백엔드 / 풀스택 개발자 Backend / Full-Stack Engineer	Naver Cafe Workhub	added	
https://cafe.naver.com/f-e/cafes/31258781/articles/36351	2026-08-04	naver-cafe-api	[경력] ~26.08.31 / 에이치아이티 - 풀스택 Nest.js 서버 개발, React 및 Flutter web 개발	Naver Cafe Workhub	added	
https://cafe.naver.com/f-e/cafes/31258781/articles/36292	2026-08-04	naver-cafe-api	~상시 / 주식회사 일레븐｜백엔드 엔지니어 (Growth Backend Engineer)	Naver Cafe Workhub p4	added	경력
https://cafe.naver.com/f-e/cafes/31258781/articles/36289	2026-08-04	naver-cafe-api	~상시 / 드림어스컴퍼니｜콘텐츠 플랫폼 백엔드 개발(3년 이상)	Naver Cafe Workhub p4	added	경력
https://cafe.naver.com/f-e/cafes/31258781/articles/36288	2026-08-04	naver-cafe-api	~상시 / 세탁특공대｜[Tech] Backend Engineer	Naver Cafe Workhub p4	added	경력
https://cafe.naver.com/f-e/cafes/31258781/articles/36279	2026-08-04	naver-cafe-api	[경력] ~26.08.13 / KB국민은행 - 「Back-end 개발」 전문직무직원 채용	Naver Cafe Workhub p4	added	
https://www.saramin.co.kr/zf_user/jobs/relay/view?view_type=search&rec_idx=54642393&location=ts&searchword=%EB%B0%B1%EC%97%94%EB%93%9C+Java+Spring&searchType=search&paid_fl=n&search_uuid=b46230ab-be6c-4eeb-97db-12d85196e3ee	2026-08-04	local-parser	[셈웨어] 백엔드 개발자 채용	주식회사 셈웨어	added	서울 금천구
https://www.saramin.co.kr/zf_user/jobs/relay/view?view_type=search&rec_idx=54639380&location=ts&searchword=%EB%B0%B1%EC%97%94%EB%93%9C+Java+Spring&searchType=search&paid_fl=n&search_uuid=b46230ab-be6c-4eeb-97db-12d85196e3ee	2026-08-04	local-parser	Backend Engineer(3년 이상)	인포뱅크(주)	added	경기 성남시 분당구
https://www.saramin.co.kr/zf_user/jobs/relay/view?view_type=search&rec_idx=54639030&location=ts&searchword=%EB%B0%B1%EC%97%94%EB%93%9C+Java+Spring&searchType=search&paid_fl=n&search_uuid=b46230ab-be6c-4eeb-97db-12d85196e3ee	2026-08-04	local-parser	[경력] 백엔드(Back-End) 개발자 채용	(주)업사이트	added	서울 마포구
https://www.saramin.co.kr/zf_user/jobs/relay/view?view_type=search&rec_idx=54638934&location=ts&searchword=%EB%B0%B1%EC%97%94%EB%93%9C+Java+Spring&searchType=search&paid_fl=n&search_uuid=b46230ab-be6c-4eeb-97db-12d85196e3ee	2026-08-04	local-parser	Java 기반 백엔드/서버개발자 경력	송암시스콤(주)	added	전남광주 나주시
https://www.saramin.co.kr/zf_user/jobs/relay/view?view_type=search&rec_idx=54635044&location=ts&searchword=%EB%B0%B1%EC%97%94%EB%93%9C+Java+Spring&searchType=search&paid_fl=n&search_uuid=b46230ab-be6c-4eeb-97db-12d85196e3ee	2026-08-04	local-parser	[신입/경력] React/Spring Boot 기반 개발자 채용 (면접비 지급)	(주)데이터유니버스	added	서울 영등포구
https://www.saramin.co.kr/zf_user/jobs/relay/view?view_type=search&rec_idx=54633112&location=ts&searchword=%EB%B0%B1%EC%97%94%EB%93%9C+Java+Spring&searchType=search&paid_fl=n&search_uuid=b46230ab-be6c-4eeb-97db-12d85196e3ee	2026-08-04	local-parser	콜브릿지(상담콜) 백엔드 개발자 경력직 채용 (2-7년)	(주)블룸에이아이	added	서울 중구
https://www.saramin.co.kr/zf_user/jobs/relay/view?view_type=search&rec_idx=54631079&location=ts&searchword=%EB%B0%B1%EC%97%94%EB%93%9C+Java+Spring&searchType=search&paid_fl=n&search_uuid=b46230ab-be6c-4eeb-97db-12d85196e3ee	2026-08-04	local-parser	Java Spring 웹시스템 개발·유지관리 함께해요	(주)유시스	added	부산 해운대구
https://www.saramin.co.kr/zf_user/jobs/relay/view?view_type=search&rec_idx=54630933&location=ts&searchword=%EB%B0%B1%EC%97%94%EB%93%9C+Java+Spring&searchType=search&paid_fl=n&search_uuid=b46230ab-be6c-4eeb-97db-12d85196e3ee	2026-08-04	local-parser	각 부문 경력/신입 모집(영업,영업기획,영업지원,JAVA 개발)	(주)에이치에스씨엠티	added	경기 용인시 기흥구
https://www.saramin.co.kr/zf_user/jobs/relay/view?view_type=search&rec_idx=54630536&location=ts&searchword=%EB%B0%B1%EC%97%94%EB%93%9C+Java+Spring&searchType=search&paid_fl=n&search_uuid=b46230ab-be6c-4eeb-97db-12d85196e3ee	2026-08-04	local-parser	(주)대영IoT 2026년도 기술연구소 CTO 및 웹 백엔드 개발자 채용	(주)대영아이오티	added	서울 송파구
https://www.saramin.co.kr/zf_user/jobs/relay/view?view_type=search&rec_idx=54629486&location=ts&searchword=%EB%B0%B1%EC%97%94%EB%93%9C+Java+Spring&searchType=search&paid_fl=n&search_uuid=b46230ab-be6c-4eeb-97db-12d85196e3ee	2026-08-04	local-parser	[팍트라인터내셔널 IT법인] 물류개발자 - vue3, springboot	(주)팍트라인터내셔널	added	서울 강남구
https://www.saramin.co.kr/zf_user/jobs/relay/view?view_type=search&rec_idx=54629080&location=ts&searchword=Java+Backend+Engineer&searchType=search&paid_fl=n&search_uuid=708cb2e5-cb5c-49da-be45-3d0d7e4539d0	2026-08-04	local-parser	[NE능률] 백엔드 개발자 채용 (Back-end Engineer)	(주)NE능률	added	서울 마포구
https://www.saramin.co.kr/zf_user/jobs/relay/view?view_type=search&rec_idx=54617565&location=ts&searchword=Java+Backend+Engineer&searchType=search&paid_fl=n&search_uuid=708cb2e5-cb5c-49da-be45-3d0d7e4539d0	2026-08-04	local-parser	[AI서비스사업본부] 블록체인·스테이블코인 백엔드 개발자	(주)솔트룩스	added	서울 송파구
https://www.saramin.co.kr/zf_user/jobs/relay/view?view_type=search&rec_idx=54616301&location=ts&searchword=Java+Backend+Engineer&searchType=search&paid_fl=n&search_uuid=708cb2e5-cb5c-49da-be45-3d0d7e4539d0	2026-08-04	local-parser	[개발 본부] 백엔드 개발자 채용	매드업	added	서울 강남구
https://www.saramin.co.kr/zf_user/jobs/relay/view?view_type=search&rec_idx=54607677&location=ts&searchword=Java+Backend+Engineer&searchType=search&paid_fl=n&search_uuid=708cb2e5-cb5c-49da-be45-3d0d7e4539d0	2026-08-04	local-parser	[삼성전자 CMC/eSIM ]AWS DB 인프라를 주도 백엔드 개발자 모집	마이데이터(주)	added	서울 서초구
https://www.saramin.co.kr/zf_user/jobs/relay/view?view_type=search&rec_idx=54637764&location=ts&searchword=Kotlin+Spring+%EB%B0%B1%EC%97%94%EB%93%9C&searchType=search&paid_fl=n&search_uuid=3ed7025d-59f2-473a-9a13-560562287916	2026-08-04	local-parser	백엔드 개발자 (5-10년)	(주)더스윙	added	서울 종로구
https://www.saramin.co.kr/zf_user/jobs/relay/view?view_type=search&rec_idx=54610695&location=ts&searchword=Kotlin+Spring+%EB%B0%B1%EC%97%94%EB%93%9C&searchType=search&paid_fl=n&search_uuid=3ed7025d-59f2-473a-9a13-560562287916	2026-08-04	local-parser	[스테이블코인] 서버 개발자 - 스테이블코인 발행 & 유통	(주)카카오페이	added	경기 성남시 분당구
https://www.saramin.co.kr/zf_user/jobs/relay/view?view_type=search&rec_idx=54610692&location=ts&searchword=Kotlin+Spring+%EB%B0%B1%EC%97%94%EB%93%9C&searchType=search&paid_fl=n&search_uuid=3ed7025d-59f2-473a-9a13-560562287916	2026-08-04	local-parser	서버 개발자 - 결제 서비스	(주)카카오페이	added	경기 성남시 분당구
https://www.saramin.co.kr/zf_user/jobs/relay/view?view_type=search&rec_idx=54610147&location=ts&searchword=Kotlin+Spring+%EB%B0%B1%EC%97%94%EB%93%9C&searchType=search&paid_fl=n&search_uuid=3ed7025d-59f2-473a-9a13-560562287916	2026-08-04	local-parser	(주)케이사인 백엔드 개발자와 함께 성장해요	(주)케이사인	added	경기 과천시
https://www.saramin.co.kr/zf_user/jobs/relay/view?view_type=search&rec_idx=54595087&location=ts&searchword=Kotlin+Spring+%EB%B0%B1%EC%97%94%EB%93%9C&searchType=search&paid_fl=n&search_uuid=3ed7025d-59f2-473a-9a13-560562287916	2026-08-04	local-parser	인공지능 의료 진단 솔루션 백엔드 개발자	(주)아이도트	added	서울 송파구
https://www.saramin.co.kr/zf_user/jobs/relay/view?view_type=search&rec_idx=54588572&location=ts&searchword=Kotlin+Spring+%EB%B0%B1%EC%97%94%EB%93%9C&searchType=search&paid_fl=n&search_uuid=3ed7025d-59f2-473a-9a13-560562287916	2026-08-04	local-parser	(업무 협업툴 SaaS, 샤플(Shopl)) 백엔드 개발자	(주)샤플앤컴퍼니	added	서울 강남구
https://www.saramin.co.kr/zf_user/jobs/relay/view?view_type=search&rec_idx=54581599&location=ts&searchword=Kotlin+Spring+%EB%B0%B1%EC%97%94%EB%93%9C&searchType=search&paid_fl=n&search_uuid=3ed7025d-59f2-473a-9a13-560562287916	2026-08-04	local-parser	[IT/엔지니어] Server Engineer (Kotlin)	로버트월터스코리아(주)	added	서울 중구
https://www.saramin.co.kr/zf_user/jobs/relay/view?view_type=search&rec_idx=54576961&location=ts&searchword=Kotlin+Spring+%EB%B0%B1%EC%97%94%EB%93%9C&searchType=search&paid_fl=n&search_uuid=3ed7025d-59f2-473a-9a13-560562287916	2026-08-04	local-parser	백엔드 엔지니어 시니어급 (핀테크, 모바일페이)	(주)에임즈인터내셔널코리아	added	서울 강남구
https://www.saramin.co.kr/zf_user/jobs/relay/view?view_type=search&rec_idx=54573839&location=ts&searchword=Kotlin+Spring+%EB%B0%B1%EC%97%94%EB%93%9C&searchType=search&paid_fl=n&search_uuid=3ed7025d-59f2-473a-9a13-560562287916	2026-08-04	local-parser	[토스인슈어런스] Server Developer(Finance)	(주)비바리퍼블리카	added	서울 구로구
https://www.saramin.co.kr/zf_user/jobs/relay/view?view_type=search&rec_idx=54571707&location=ts&searchword=Kotlin+Spring+%EB%B0%B1%EC%97%94%EB%93%9C&searchType=search&paid_fl=n&search_uuid=3ed7025d-59f2-473a-9a13-560562287916	2026-08-04	local-parser	백엔드 엔지니어 (Java)	(주)굿닥	added	서울 강남구
https://www.saramin.co.kr/zf_user/jobs/relay/view?view_type=search&rec_idx=54566660&location=ts&searchword=Kotlin+Spring+%EB%B0%B1%EC%97%94%EB%93%9C&searchType=search&paid_fl=n&search_uuid=3ed7025d-59f2-473a-9a13-560562287916	2026-08-04	local-parser	웹/앱 프런트 및 백엔드 프로그래머를 모십니다.	㈜폴리큐브	added	서울 강남구
https://www.saramin.co.kr/zf_user/jobs/relay/view?view_type=search&rec_idx=54557021&location=ts&searchword=Kotlin+Spring+%EB%B0%B1%EC%97%94%EB%93%9C&searchType=search&paid_fl=n&search_uuid=3ed7025d-59f2-473a-9a13-560562287916	2026-08-04	local-parser	[핀테크] Java/Kotlin 백엔드 개발자 채용공고	(주)핀테크	added	서울 영등포구
https://www.saramin.co.kr/zf_user/jobs/relay/view?view_type=search&rec_idx=54546766&location=ts&searchword=Kotlin+Spring+%EB%B0%B1%EC%97%94%EB%93%9C&searchType=search&paid_fl=n&search_uuid=3ed7025d-59f2-473a-9a13-560562287916	2026-08-04	local-parser	음악 서비스 백엔드 서버 개발자 채용	(주)드림어스컴퍼니	added	서울 강남구
https://www.saramin.co.kr/zf_user/jobs/relay/view?view_type=search&rec_idx=54546753&location=ts&searchword=Kotlin+Spring+%EB%B0%B1%EC%97%94%EB%93%9C&searchType=search&paid_fl=n&search_uuid=3ed7025d-59f2-473a-9a13-560562287916	2026-08-04	local-parser	콘텐츠 플랫폼 백엔드 개발(3년 이상)	(주)드림어스컴퍼니	added	서울 강남구
https://www.saramin.co.kr/zf_user/jobs/relay/view?view_type=search&rec_idx=54545914&location=ts&searchword=Kotlin+Spring+%EB%B0%B1%EC%97%94%EB%93%9C&searchType=search&paid_fl=n&search_uuid=3ed7025d-59f2-473a-9a13-560562287916	2026-08-04	local-parser	[STL] 스타트투데이 백엔드 개발자 채용	(주)에스티엘	added	서울 강서구
https://www.saramin.co.kr/zf_user/jobs/relay/view?view_type=search&rec_idx=54541308&location=ts&searchword=Kotlin+Spring+%EB%B0%B1%EC%97%94%EB%93%9C&searchType=search&paid_fl=n&search_uuid=3ed7025d-59f2-473a-9a13-560562287916	2026-08-04	local-parser	백엔드 서비스 개발 및 유지보수 인력 채용(신입/경력)	(주)스마트엠투엠	added	부산 해운대구
https://www.saramin.co.kr/zf_user/jobs/relay/view?view_type=search&rec_idx=54536061&location=ts&searchword=Kotlin+Spring+%EB%B0%B1%EC%97%94%EB%93%9C&searchType=search&paid_fl=n&search_uuid=3ed7025d-59f2-473a-9a13-560562287916	2026-08-04	local-parser	백엔드 개발자 채용	(주)홀빅	added	서울 송파구
https://www.saramin.co.kr/zf_user/jobs/relay/view?view_type=search&rec_idx=54535145&location=ts&searchword=Kotlin+Spring+%EB%B0%B1%EC%97%94%EB%93%9C&searchType=search&paid_fl=n&search_uuid=3ed7025d-59f2-473a-9a13-560562287916	2026-08-04	local-parser	[스타랩스] JAVA 웹 개발자 채용	주식회사 스타랩스	added	충남 아산시
https://zighang.com/recruitment/44a799eb-3c42-48d2-8fa0-44d7bfb437c1	2026-08-04	local-parser	[넥스트 증권] Server Developer (Product) 채용	넥스트증권	added	
https://zighang.com/recruitment/b804eccb-53fc-4b29-b128-5d3f13d7df44	2026-08-04	local-parser	[넥스트 증권] Server Developer (원장) 채용	넥스트증권	added	
https://zighang.com/recruitment/9156013c-f3ee-4044-8e71-0a1d672d22fc	2026-08-04	local-parser	[넥스트 증권] 중계 서버 개발자 채용	넥스트증권	added	
https://zighang.com/recruitment/22f4de27-7792-40b1-8381-23ab7d659d4f	2026-08-04	local-parser	백엔드 엔지니어 채용	코드잇	added	
https://zighang.com/recruitment/8a501bff-f472-4b1d-9c9b-53b943693b1c	2026-08-04	local-parser	AK 아이에스 서버 운영 경력 모집 채용	에이케이아이에스	added	
https://zighang.com/recruitment/c5dfac30-f7b7-4daa-8062-48bdfb5d6e8e	2026-08-04	local-parser	Backend Software Engineer (Matching Platform) 채용	하이퍼커넥트	added	
https://zighang.com/recruitment/0a9937e5-6acb-432a-919b-a7f9f13fa5ae	2026-08-04	local-parser	[스패로우] 백엔드 엔지니어 채용	FASOO	added	
https://zighang.com/recruitment/3b772866-4171-4554-844c-5e6bbf039705	2026-08-04	local-parser	백엔드 개발 _ 경력 채용 _ 글로벌 K팝 플랫폼 (Mnet Plus) 채용	CJENM	added	
https://www.saramin.co.kr/zf_user/jobs/relay/view?view_type=search&rec_idx=54642393&location=ts&searchword=%EB%B0%B1%EC%97%94%EB%93%9C+Java+Spring&searchType=search&paid_fl=n&search_uuid=52fa7afa-b782-4bbe-bd37-c12d844cbbf7	2026-08-04	local-parser	[셈웨어] 백엔드 개발자 채용	주식회사 셈웨어	added	서울 금천구
https://www.saramin.co.kr/zf_user/jobs/relay/view?view_type=search&rec_idx=54639380&location=ts&searchword=%EB%B0%B1%EC%97%94%EB%93%9C+Java+Spring&searchType=search&paid_fl=n&search_uuid=52fa7afa-b782-4bbe-bd37-c12d844cbbf7	2026-08-04	local-parser	Backend Engineer(3년 이상)	인포뱅크(주)	added	경기 성남시 분당구
https://www.saramin.co.kr/zf_user/jobs/relay/view?view_type=search&rec_idx=54639030&location=ts&searchword=%EB%B0%B1%EC%97%94%EB%93%9C+Java+Spring&searchType=search&paid_fl=n&search_uuid=52fa7afa-b782-4bbe-bd37-c12d844cbbf7	2026-08-04	local-parser	[경력] 백엔드(Back-End) 개발자 채용	(주)업사이트	added	서울 마포구
https://www.saramin.co.kr/zf_user/jobs/relay/view?view_type=search&rec_idx=54638934&location=ts&searchword=%EB%B0%B1%EC%97%94%EB%93%9C+Java+Spring&searchType=search&paid_fl=n&search_uuid=52fa7afa-b782-4bbe-bd37-c12d844cbbf7	2026-08-04	local-parser	Java 기반 백엔드/서버개발자 경력	송암시스콤(주)	added	전남광주 나주시
https://www.saramin.co.kr/zf_user/jobs/relay/view?view_type=search&rec_idx=54635044&location=ts&searchword=%EB%B0%B1%EC%97%94%EB%93%9C+Java+Spring&searchType=search&paid_fl=n&search_uuid=52fa7afa-b782-4bbe-bd37-c12d844cbbf7	2026-08-04	local-parser	[신입/경력] React/Spring Boot 기반 개발자 채용 (면접비 지급)	(주)데이터유니버스	added	서울 영등포구
https://www.saramin.co.kr/zf_user/jobs/relay/view?view_type=search&rec_idx=54633112&location=ts&searchword=%EB%B0%B1%EC%97%94%EB%93%9C+Java+Spring&searchType=search&paid_fl=n&search_uuid=52fa7afa-b782-4bbe-bd37-c12d844cbbf7	2026-08-04	local-parser	콜브릿지(상담콜) 백엔드 개발자 경력직 채용 (2-7년)	(주)블룸에이아이	added	서울 중구
https://www.saramin.co.kr/zf_user/jobs/relay/view?view_type=search&rec_idx=54631079&location=ts&searchword=%EB%B0%B1%EC%97%94%EB%93%9C+Java+Spring&searchType=search&paid_fl=n&search_uuid=52fa7afa-b782-4bbe-bd37-c12d844cbbf7	2026-08-04	local-parser	Java Spring 웹시스템 개발·유지관리 함께해요	(주)유시스	added	부산 해운대구
https://www.saramin.co.kr/zf_user/jobs/relay/view?view_type=search&rec_idx=54630933&location=ts&searchword=%EB%B0%B1%EC%97%94%EB%93%9C+Java+Spring&searchType=search&paid_fl=n&search_uuid=52fa7afa-b782-4bbe-bd37-c12d844cbbf7	2026-08-04	local-parser	각 부문 경력/신입 모집(영업,영업기획,영업지원,JAVA 개발)	(주)에이치에스씨엠티	added	경기 용인시 기흥구
https://www.saramin.co.kr/zf_user/jobs/relay/view?view_type=search&rec_idx=54630536&location=ts&searchword=%EB%B0%B1%EC%97%94%EB%93%9C+Java+Spring&searchType=search&paid_fl=n&search_uuid=52fa7afa-b782-4bbe-bd37-c12d844cbbf7	2026-08-04	local-parser	(주)대영IoT 2026년도 기술연구소 CTO 및 웹 백엔드 개발자 채용	(주)대영아이오티	added	서울 송파구
https://www.saramin.co.kr/zf_user/jobs/relay/view?view_type=search&rec_idx=54629486&location=ts&searchword=%EB%B0%B1%EC%97%94%EB%93%9C+Java+Spring&searchType=search&paid_fl=n&search_uuid=52fa7afa-b782-4bbe-bd37-c12d844cbbf7	2026-08-04	local-parser	[팍트라인터내셔널 IT법인] 물류개발자 - vue3, springboot	(주)팍트라인터내셔널	added	서울 강남구
https://www.saramin.co.kr/zf_user/jobs/relay/view?view_type=search&rec_idx=54629080&location=ts&searchword=%EB%B0%B1%EC%97%94%EB%93%9C+Java+Spring&searchType=search&paid_fl=n&search_uuid=52fa7afa-b782-4bbe-bd37-c12d844cbbf7	2026-08-04	local-parser	[NE능률] 백엔드 개발자 채용 (Back-end Engineer)	(주)NE능률	added	서울 마포구
https://www.saramin.co.kr/zf_user/jobs/relay/view?view_type=search&rec_idx=54617565&location=ts&searchword=Java+Backend+Engineer&searchType=search&paid_fl=n&search_uuid=8755804a-43b1-4bb0-9884-c24e86007a01	2026-08-04	local-parser	[AI서비스사업본부] 블록체인·스테이블코인 백엔드 개발자	(주)솔트룩스	added	서울 송파구
https://www.saramin.co.kr/zf_user/jobs/relay/view?view_type=search&rec_idx=54616301&location=ts&searchword=Java+Backend+Engineer&searchType=search&paid_fl=n&search_uuid=8755804a-43b1-4bb0-9884-c24e86007a01	2026-08-04	local-parser	[개발 본부] 백엔드 개발자 채용	매드업	added	서울 강남구
https://www.saramin.co.kr/zf_user/jobs/relay/view?view_type=search&rec_idx=54607677&location=ts&searchword=Java+Backend+Engineer&searchType=search&paid_fl=n&search_uuid=8755804a-43b1-4bb0-9884-c24e86007a01	2026-08-04	local-parser	[삼성전자 CMC/eSIM ]AWS DB 인프라를 주도 백엔드 개발자 모집	마이데이터(주)	added	서울 서초구
https://www.saramin.co.kr/zf_user/jobs/relay/view?view_type=search&rec_idx=54606745&location=ts&searchword=Java+Backend+Engineer&searchType=search&paid_fl=n&search_uuid=8755804a-43b1-4bb0-9884-c24e86007a01	2026-08-04	local-parser	서버 개발 담당 - 경력 3년 이상(온톨로지 사업)	(주)셀바스에이아이	added	서울 금천구
https://www.saramin.co.kr/zf_user/jobs/relay/view?view_type=search&rec_idx=54637764&location=ts&searchword=Kotlin+Spring+%EB%B0%B1%EC%97%94%EB%93%9C&searchType=search&paid_fl=n&search_uuid=f768cd2a-cccf-4b80-b6e6-1ff26565b534	2026-08-04	local-parser	백엔드 개발자 (5-10년)	(주)더스윙	added	서울 종로구
https://www.saramin.co.kr/zf_user/jobs/relay/view?view_type=search&rec_idx=54610695&location=ts&searchword=Kotlin+Spring+%EB%B0%B1%EC%97%94%EB%93%9C&searchType=search&paid_fl=n&search_uuid=f768cd2a-cccf-4b80-b6e6-1ff26565b534	2026-08-04	local-parser	[스테이블코인] 서버 개발자 - 스테이블코인 발행 & 유통	(주)카카오페이	added	경기 성남시 분당구
https://www.saramin.co.kr/zf_user/jobs/relay/view?view_type=search&rec_idx=54610692&location=ts&searchword=Kotlin+Spring+%EB%B0%B1%EC%97%94%EB%93%9C&searchType=search&paid_fl=n&search_uuid=f768cd2a-cccf-4b80-b6e6-1ff26565b534	2026-08-04	local-parser	서버 개발자 - 결제 서비스	(주)카카오페이	added	경기 성남시 분당구
https://www.saramin.co.kr/zf_user/jobs/relay/view?view_type=search&rec_idx=54610147&location=ts&searchword=Kotlin+Spring+%EB%B0%B1%EC%97%94%EB%93%9C&searchType=search&paid_fl=n&search_uuid=f768cd2a-cccf-4b80-b6e6-1ff26565b534	2026-08-04	local-parser	(주)케이사인 백엔드 개발자와 함께 성장해요	(주)케이사인	added	경기 과천시
https://www.saramin.co.kr/zf_user/jobs/relay/view?view_type=search&rec_idx=54595087&location=ts&searchword=Kotlin+Spring+%EB%B0%B1%EC%97%94%EB%93%9C&searchType=search&paid_fl=n&search_uuid=f768cd2a-cccf-4b80-b6e6-1ff26565b534	2026-08-04	local-parser	인공지능 의료 진단 솔루션 백엔드 개발자	(주)아이도트	added	서울 송파구
https://www.saramin.co.kr/zf_user/jobs/relay/view?view_type=search&rec_idx=54588572&location=ts&searchword=Kotlin+Spring+%EB%B0%B1%EC%97%94%EB%93%9C&searchType=search&paid_fl=n&search_uuid=f768cd2a-cccf-4b80-b6e6-1ff26565b534	2026-08-04	local-parser	(업무 협업툴 SaaS, 샤플(Shopl)) 백엔드 개발자	(주)샤플앤컴퍼니	added	서울 강남구
https://www.saramin.co.kr/zf_user/jobs/relay/view?view_type=search&rec_idx=54581599&location=ts&searchword=Kotlin+Spring+%EB%B0%B1%EC%97%94%EB%93%9C&searchType=search&paid_fl=n&search_uuid=f768cd2a-cccf-4b80-b6e6-1ff26565b534	2026-08-04	local-parser	[IT/엔지니어] Server Engineer (Kotlin)	로버트월터스코리아(주)	added	서울 중구
https://www.saramin.co.kr/zf_user/jobs/relay/view?view_type=search&rec_idx=54576961&location=ts&searchword=Kotlin+Spring+%EB%B0%B1%EC%97%94%EB%93%9C&searchType=search&paid_fl=n&search_uuid=f768cd2a-cccf-4b80-b6e6-1ff26565b534	2026-08-04	local-parser	백엔드 엔지니어 시니어급 (핀테크, 모바일페이)	(주)에임즈인터내셔널코리아	added	서울 강남구
https://www.saramin.co.kr/zf_user/jobs/relay/view?view_type=search&rec_idx=54573839&location=ts&searchword=Kotlin+Spring+%EB%B0%B1%EC%97%94%EB%93%9C&searchType=search&paid_fl=n&search_uuid=f768cd2a-cccf-4b80-b6e6-1ff26565b534	2026-08-04	local-parser	[토스인슈어런스] Server Developer(Finance)	(주)비바리퍼블리카	added	서울 구로구
https://www.saramin.co.kr/zf_user/jobs/relay/view?view_type=search&rec_idx=54571707&location=ts&searchword=Kotlin+Spring+%EB%B0%B1%EC%97%94%EB%93%9C&searchType=search&paid_fl=n&search_uuid=f768cd2a-cccf-4b80-b6e6-1ff26565b534	2026-08-04	local-parser	백엔드 엔지니어 (Java)	(주)굿닥	added	서울 강남구
https://www.saramin.co.kr/zf_user/jobs/relay/view?view_type=search&rec_idx=54566660&location=ts&searchword=Kotlin+Spring+%EB%B0%B1%EC%97%94%EB%93%9C&searchType=search&paid_fl=n&search_uuid=f768cd2a-cccf-4b80-b6e6-1ff26565b534	2026-08-04	local-parser	웹/앱 프런트 및 백엔드 프로그래머를 모십니다.	㈜폴리큐브	added	서울 강남구
https://www.saramin.co.kr/zf_user/jobs/relay/view?view_type=search&rec_idx=54557021&location=ts&searchword=Kotlin+Spring+%EB%B0%B1%EC%97%94%EB%93%9C&searchType=search&paid_fl=n&search_uuid=f768cd2a-cccf-4b80-b6e6-1ff26565b534	2026-08-04	local-parser	[핀테크] Java/Kotlin 백엔드 개발자 채용공고	(주)핀테크	added	서울 영등포구
https://www.saramin.co.kr/zf_user/jobs/relay/view?view_type=search&rec_idx=54546766&location=ts&searchword=Kotlin+Spring+%EB%B0%B1%EC%97%94%EB%93%9C&searchType=search&paid_fl=n&search_uuid=f768cd2a-cccf-4b80-b6e6-1ff26565b534	2026-08-04	local-parser	음악 서비스 백엔드 서버 개발자 채용	(주)드림어스컴퍼니	added	서울 강남구
https://www.saramin.co.kr/zf_user/jobs/relay/view?view_type=search&rec_idx=54546753&location=ts&searchword=Kotlin+Spring+%EB%B0%B1%EC%97%94%EB%93%9C&searchType=search&paid_fl=n&search_uuid=f768cd2a-cccf-4b80-b6e6-1ff26565b534	2026-08-04	local-parser	콘텐츠 플랫폼 백엔드 개발(3년 이상)	(주)드림어스컴퍼니	added	서울 강남구
https://www.saramin.co.kr/zf_user/jobs/relay/view?view_type=search&rec_idx=54545914&location=ts&searchword=Kotlin+Spring+%EB%B0%B1%EC%97%94%EB%93%9C&searchType=search&paid_fl=n&search_uuid=f768cd2a-cccf-4b80-b6e6-1ff26565b534	2026-08-04	local-parser	[STL] 스타트투데이 백엔드 개발자 채용	(주)에스티엘	added	서울 강서구
https://www.saramin.co.kr/zf_user/jobs/relay/view?view_type=search&rec_idx=54541308&location=ts&searchword=Kotlin+Spring+%EB%B0%B1%EC%97%94%EB%93%9C&searchType=search&paid_fl=n&search_uuid=f768cd2a-cccf-4b80-b6e6-1ff26565b534	2026-08-04	local-parser	백엔드 서비스 개발 및 유지보수 인력 채용(신입/경력)	(주)스마트엠투엠	added	부산 해운대구
https://www.saramin.co.kr/zf_user/jobs/relay/view?view_type=search&rec_idx=54536061&location=ts&searchword=Kotlin+Spring+%EB%B0%B1%EC%97%94%EB%93%9C&searchType=search&paid_fl=n&search_uuid=f768cd2a-cccf-4b80-b6e6-1ff26565b534	2026-08-04	local-parser	백엔드 개발자 채용	(주)홀빅	added	서울 송파구
https://www.saramin.co.kr/zf_user/jobs/relay/view?view_type=search&rec_idx=54535145&location=ts&searchword=Kotlin+Spring+%EB%B0%B1%EC%97%94%EB%93%9C&searchType=search&paid_fl=n&search_uuid=f768cd2a-cccf-4b80-b6e6-1ff26565b534	2026-08-04	local-parser	[스타랩스] JAVA 웹 개발자 채용	주식회사 스타랩스	added	충남 아산시
https://speedrun-talent-network.com/jobs/backend-engineer-krea-ai-197728fd?utm_source=career-ops&utm_medium=agent	2026-08-04	a16z-speedrun-talent-api	Backend Engineer	krea.ai	added	San Francisco
https://speedrun-talent-network.com/jobs/backend-software-engineer-alchemy-e9114029?utm_source=career-ops&utm_medium=agent	2026-08-04	a16z-speedrun-talent-api	Backend Software Engineer	Alchemy	added	Bucharest
https://speedrun-talent-network.com/jobs/software-engineer-backend-gamma-a546c0a8?utm_source=career-ops&utm_medium=agent	2026-08-04	a16z-speedrun-talent-api	Software Engineer, Backend	Gamma	added	San Francisco
https://speedrun-talent-network.com/jobs/backend-engineer-applied-ai-flora-f1a6694c?utm_source=career-ops&utm_medium=agent	2026-08-04	a16z-speedrun-talent-api	Backend Engineer - Applied AI	FLORA	added	New York City
https://speedrun-talent-network.com/jobs/backend-engineer-method-security-8b78538c?utm_source=career-ops&utm_medium=agent	2026-08-04	a16z-speedrun-talent-api	Backend Engineer	Method Security	added	New York City Office
https://speedrun-talent-network.com/jobs/rust-backend-engineer-svix-84e99bc9?utm_source=career-ops&utm_medium=agent	2026-08-04	a16z-speedrun-talent-api	Rust Backend Engineer	Svix	added	San Francisco (On-Site)
https://speedrun-talent-network.com/jobs/software-engineer-backend-exa-8ba94280?utm_source=career-ops&utm_medium=agent	2026-08-04	a16z-speedrun-talent-api	Software Engineer, Backend	Exa	added	Singapore
https://speedrun-talent-network.com/jobs/backend-engineer-mta-core-sending-resend-053bde8f?utm_source=career-ops&utm_medium=agent	2026-08-04	a16z-speedrun-talent-api	Backend Engineer (MTA), Core Sending	Resend	added	Americas / Remote / Full-time, Remote
https://speedrun-talent-network.com/jobs/backend-engineer-layerzero-labs-c63dcfc8?utm_source=career-ops&utm_medium=agent	2026-08-04	a16z-speedrun-talent-api	Backend Engineer	LayerZero Labs	added	Vancouver, BC
https://speedrun-talent-network.com/jobs/software-engineer-backend-braintrust-data-9728653e?utm_source=career-ops&utm_medium=agent	2026-08-04	a16z-speedrun-talent-api	Software Engineer, Backend	Braintrust Data	added	San Francisco
https://speedrun-talent-network.com/jobs/software-engineer-backend-setpoint-io-092a8484?utm_source=career-ops&utm_medium=agent	2026-08-04	a16z-speedrun-talent-api	Software Engineer (Backend)	Setpoint.io	added	Austin, TX (Hybrid)
https://speedrun-talent-network.com/jobs/software-engineer-backend-sleeper-af131373?utm_source=career-ops&utm_medium=agent	2026-08-04	a16z-speedrun-talent-api	Software Engineer, Backend	Sleeper	added	San Francisco
https://speedrun-talent-network.com/jobs/backend-engineer-grepr-497853d2?utm_source=career-ops&utm_medium=agent	2026-08-04	a16z-speedrun-talent-api	Backend Engineer	Grepr	added	San Francisco
https://speedrun-talent-network.com/jobs/backend-engineer-sirius-technology-662f4814?utm_source=career-ops&utm_medium=agent	2026-08-04	a16z-speedrun-talent-api	Backend Engineer	Sirius Technology	added	San Francisco
https://speedrun-talent-network.com/jobs/software-engineer-backend-mirage-d5b5193e?utm_source=career-ops&utm_medium=agent	2026-08-04	a16z-speedrun-talent-api	Software Engineer, Backend	Mirage	added	Union Square, New York City
https://speedrun-talent-network.com/jobs/software-engineer-backend-mid-level-instabase-d5b99b54?utm_source=career-ops&utm_medium=agent	2026-08-04	a16z-speedrun-talent-api	Software Engineer, Backend (mid level)	Instabase	added	Bengaluru, India
https://agentic-engineering-jobs.com/jobs/3pillar-global-software-architect-python-aws-ai-lCeLHe	2026-08-04	agentic-jobs-api	Software Architect (Python, AWS, AI)	3Pillar Global	added	Guatemala (Remote)
https://agentic-engineering-jobs.com/jobs/taktile-back-end-engineer-team-agents-ZUDKBX	2026-08-04	agentic-jobs-api	Back-End Engineer - Team Agents	Taktile	added	Berlin, Germany
https://agentic-engineering-jobs.com/jobs/kpler-backend-software-engineer-ai-and-agentic-systems-XGy0bx	2026-08-04	agentic-jobs-api	Backend Software Engineer - AI & Agentic Systems	Kpler	added	Budapest, Hungary
https://agentic-engineering-jobs.com/jobs/factorial-ai-engineer-api-and-integrations-team-7mrCvQ	2026-08-04	agentic-jobs-api	AI Engineer - API & Integrations Team	Factorial	added	Madrid, Spain
https://agentic-engineering-jobs.com/jobs/ciandt-ai-developer-engineer-python-SnJn3D	2026-08-04	agentic-jobs-api	AI Developer Engineer (Python)	CI&T	added	Remote (Brazil)
https://agentic-engineering-jobs.com/jobs/cognizant-ai-engineer-python-langchain-langgraph-agentic-ai-api-llms-6-2kFg	2026-08-04	agentic-jobs-api	AI Engineer (Python, LangChain, LangGraph, Agentic AI, API, LLMs)	Cognizant	added	Bengaluru, Karnataka, India
https://agentic-engineering-jobs.com/jobs/mason-software-engineer-full-stack-backend-leaning-NHPI-B	2026-08-04	agentic-jobs-api	Software Engineer (Full Stack, Backend-leaning)	Mason	added	San Francisco, CA
https://agentic-engineering-jobs.com/jobs/cognizant-ai-engineer-python-langchain-langgraph-agentic-ai-llms-k-f17l	2026-08-04	agentic-jobs-api	AI Engineer (Python, LangChain, LangGraph, Agentic AI, LLMs)	Cognizant	added	Bangalore, India
https://agentic-engineering-jobs.com/jobs/cleric-software-engineer-backend-jOz-XU	2026-08-04	agentic-jobs-api	Software Engineer, Backend	Cleric	added	United States
https://agentic-engineering-jobs.com/jobs/sola-software-engineer-backend-6YYsHD	2026-08-04	agentic-jobs-api	Software Engineer, Backend	Sola	added	New York City, NY
https://agentic-engineering-jobs.com/jobs/cresta-software-engineer-backend-ai-agent-EvdgY_	2026-08-04	agentic-jobs-api	Software Engineer, Backend (AI Agent)	Cresta	added	Canada (Remote)
https://agentic-engineering-jobs.com/jobs/everest-infinity-constellation-ai-engineer-everest-7t-j06	2026-08-04	agentic-jobs-api	AI Engineer - Everest	Everest (Infinity Constellation)	added	Remote, United States
https://agentic-engineering-jobs.com/jobs/unit-software-engineer-backend-o9x8rV	2026-08-04	agentic-jobs-api	Software Engineer, Backend	Unit	added	San Francisco, CA, United States
https://agentic-engineering-jobs.com/jobs/cresta-software-engineer-backend-ai-rag-t1jEAt	2026-08-04	agentic-jobs-api	Software Engineer, Backend (AI / RAG)	Cresta	added	Bucharest, Romania
https://agentic-engineering-jobs.com/jobs/bjak-backend-engineer-ai-agent-systems-iiKXuZ	2026-08-04	agentic-jobs-api	Backend Engineer, AI (Agent Systems)	Bjak	added	Orchard Road, Singapore
https://agentic-engineering-jobs.com/jobs/apollo-research-backend-software-engineer-research-team-rp3Les	2026-08-04	agentic-jobs-api	Backend Software Engineer (Research team)	Apollo Research	added	London / San Francisco
https://agentic-engineering-jobs.com/jobs/hebbia-backend-engineer-agent-collaboration-platform-Jr09Wn	2026-08-04	agentic-jobs-api	Backend Engineer, Agent Collaboration Platform	Hebbia	added	New York, NY / San Francisco, CA
https://agentic-engineering-jobs.com/jobs/hebbia-backend-engineer-agents-KmlfjF	2026-08-04	agentic-jobs-api	Backend Engineer, Agents	Hebbia	added	New York, NY / San Francisco, CA
https://agentic-engineering-jobs.com/jobs/anthropic-software-engineer-backend-api-agents-6coOKI	2026-08-04	agentic-jobs-api	Software Engineer, Backend (API Agents)	Anthropic	added	San Francisco, CA | New York City, NY | Seattle, WA
https://agentic-engineering-jobs.com/jobs/modo-energy-python-developer-build-an-ai-analyst-energy-markets-VFvTzg	2026-08-04	agentic-jobs-api	Python Developer - Build an AI Analyst (Energy Markets)	Modo Energy	added	London, United Kingdom
https://agentic-engineering-jobs.com/jobs/robert-walters-ai-engineer-python-fullstack-FlGZjp	2026-08-04	agentic-jobs-api	AI Engineer Python Fullstack	Robert Walters	added	London, United Kingdom
https://agentic-engineering-jobs.com/jobs/scalable-capital-ai-software-engineer-python-mfx-4BtKpQ	2026-08-04	agentic-jobs-api	AI Software Engineer – Python (m/f/x)	Scalable Capital	added	Munich, Germany
https://wynd.wd5.myworkdayjobs.com/external/job/Eagle-Crest/Maintenance-Supervisor---WorldMark-Eagle-Crest_R-126606	2026-08-04	workday-full	Maintenance Supervisor - WorldMark Eagle Crest	wynd	added	Eagle Crest
https://wynd.wd5.myworkdayjobs.com/external/job/Eagle-Crest/Front-Desk-Associate-I---WorldMark-Eagle-Crest-Resort_R-126363	2026-08-04	workday-full	Front Desk Associate I - WorldMark Eagle Crest Resort	wynd	added	Eagle Crest
https://whataburger.wd5.myworkdayjobs.com/wab_careers/job/8239-Old-Middleburg-Rd-S-Jacksonville-FL-32222-182/Restaurant-Team-Member--Overnight-Shift---Unit---1195_JR10002829	2026-08-04	workday-full	Restaurant Team Member, Overnight Shift - Unit 1195	whataburger	added	8239 Old Middleburg Rd S Jacksonville FL 32222-182
https://whataburger.wd5.myworkdayjobs.com/wab_careers/job/8340-N-Century-Blvd-Century-FL-32535-1628/Restaurant-Team-Member--Evening-Shift---Unit-954_JR10003626	2026-08-04	workday-full	Restaurant Team Member, Evening Shift - Unit 954	whataburger	added	8340 N Century Blvd Century FL 32535-1628
https://whataburger.wd5.myworkdayjobs.com/wab_careers/job/4640-E-Palm-Valley-Blvd-Round-Rock-TX-78665-2598/Restaurant--Porter---Unit---892_JR10002120-1	2026-08-04	workday-full	Restaurant Porter - Unit 892	whataburger	added	4640 E Palm Valley Blvd Round Rock TX 78665-2598
https://whataburger.wd5.myworkdayjobs.com/wab_careers/job/176-Goodman-Rd-E-Southaven-MS-38671-9511/Restaurant-Team-Member--Day-Shift---Unit---1269_JR10004556	2026-08-04	workday-full	Restaurant Team Member, Day Shift - Unit 1269	whataburger	added	176 Goodman Rd E Southaven MS 38671-9511
https://whataburger.wd5.myworkdayjobs.com/wab_careers/job/1466-Woodruff-Rd-Greenville-SC-29607/Restaurant-Maintenance-Supervisor---Multi-State--Region-2100-_JR10013857	2026-08-04	workday-full	Restaurant Maintenance Supervisor - Multi-State (Region 2100)	whataburger	added	1466 Woodruff Rd Greenville SC 29607
https://whataburger.wd5.myworkdayjobs.com/wab_careers/job/850-Market-Pl-Irving-TX-75063-8048/Restaurant-Maintenance-Supervisor---Dallas-Fort-Worth--DFW--Metro-Area_JR10013823	2026-08-04	workday-full	Restaurant Maintenance Supervisor - Dallas–Fort Worth (DFW) Metro Area	whataburger	added	850 Market Pl Irving TX 75063-8048
https://whataburger.wd5.myworkdayjobs.com/wab_careers/job/1601-Main-St-Fultondale-AL-35068-1643/Restaurant-Maintenance-Supervisor---Fultondale--AL_JR10013633	2026-08-04	workday-full	Restaurant Maintenance Supervisor - Multi-State (AL, LA, MS, TN)	whataburger	added	1601 Main St Fultondale AL 35068-1643
https://whataburger.wd5.myworkdayjobs.com/wab_careers/job/17234-Northwest-Fwy-Jersey-Village-TX-77040-1112/Restaurant-Team-Member--Weekend-Shift---Unit-501_JR10000778	2026-08-04	workday-full	Restaurant Team Member, Weekend Shift - Unit 501	whataburger	added	17234 Northwest Fwy Jersey Village TX 77040-1112
https://whataburger.wd5.myworkdayjobs.com/wab_careers/job/5401-Fm-1626-Ste-500-Kyle-TX-78640-6064/Restaurant-Team-Member--Evening-Shift---Unit-947_JR10003736	2026-08-04	workday-full	Restaurant Team Member, Evening Shift - Unit 947	whataburger	added	5401 Fm 1626 Ste 500 Kyle TX 78640-6064
https://whataburger.wd5.myworkdayjobs.com/wab_careers/job/1301-Mcfarland-Blvd-E-Tuscaloosa-AL-35404-3839/Restaurant-Team-Member--Overnight-Shift---Unit-1140_JR10002861	2026-08-04	workday-full	Restaurant Team Member, Overnight Shift - Unit 1140	whataburger	added	1301 Mcfarland Blvd E Tuscaloosa AL 35404-3839
https://whataburger.wd5.myworkdayjobs.com/wab_careers/job/1301-Mcfarland-Blvd-E-Tuscaloosa-AL-35404-3839/Restaurant-Team-Member--Evening-Shift---Unit-1140_JR10003686	2026-08-04	workday-full	Restaurant Team Member, Evening Shift - Unit 1140	whataburger	added	1301 Mcfarland Blvd E Tuscaloosa AL 35404-3839
https://unimelb.wd105.myworkdayjobs.com/uom_external_career/job/Parkville/Expressions-of-Interest--Indigenous-Employment-Opportunities-at-the-University-of-Melbourne_JR-006839	2026-08-04	workday-full	Expressions of Interest: Indigenous Employment Opportunities at the University of Melbourne	unimelb	added	Parkville
https://tysonfoods.wd5.myworkdayjobs.com/tsn/job/Green-Forest-Plant---Green-Forest-Arkansas/Maintenance-Generalist---2nd-Shift-Evis---Green-Forest-Plant-1_R0468270-1	2026-08-04	workday-full	Maintenance Generalist - 2nd Shift Evis - Green Forest Plant 1	tysonfoods	added	Green Forest Plant - Green Forest, Arkansas
https://tysonfoods.wd5.myworkdayjobs.com/tsn/job/Forest-MS-Complex---Forest-Mississippi/Grader-Labor-PR01U-1st-shift---August---Forest--MS_R0476889-1	2026-08-04	workday-full	Grader Labor PR01U 1st shift (August), Forest, MS	tysonfoods	added	Forest, MS Complex - Forest, Mississippi
https://tysonfoods.wd5.myworkdayjobs.com/tsn/job/Forest-MS-Complex---Forest-Mississippi/Line-Feeder-Labor-2nd-Shift--August--Forest--MS_R0476626-1	2026-08-04	workday-full	Line Feeder Labor 2nd Shift (August) Forest, MS	tysonfoods	added	Forest, MS Complex - Forest, Mississippi
https://tysonfoods.wd5.myworkdayjobs.com/tsn5/job/Forest-MS-Complex---Forest-Mississippi/Grader-Labor-PR01U-1st-shift---August---Forest--MS_R0476889	2026-08-04	workday-full	Grader Labor PR01U 1st shift (August), Forest, MS	tysonfoods	added	Forest, MS Complex - Forest, Mississippi
https://tysonfoods.wd5.myworkdayjobs.com/tsn5/job/Forest-MS-Complex---Forest-Mississippi/Line-Feeder-Labor-2nd-Shift--August--Forest--MS_R0476626	2026-08-04	workday-full	Line Feeder Labor 2nd Shift (August) Forest, MS	tysonfoods	added	Forest, MS Complex - Forest, Mississippi
https://tysonfoods.wd5.myworkdayjobs.com/tsn/job/Forest-MS-Complex---Forest-Mississippi/Breast-Trimmer-Labor-PR02U--2nd-Shift---August---Forest--MS_R0476884-1	2026-08-04	workday-full	Breast Trimmer Labor PR02U, 2nd Shift (August), Forest, MS	tysonfoods	added	Forest, MS Complex - Forest, Mississippi
https://tysonfoods.wd5.myworkdayjobs.com/tsn5/job/Green-Forest-Plant---Green-Forest-Arkansas/Maintenance-Generalist---2nd-Shift-Evis---Green-Forest-Plant-1_R0468270	2026-08-04	workday-full	Maintenance Generalist - 2nd Shift Evis - Green Forest Plant 1	tysonfoods	added	Green Forest Plant - Green Forest, Arkansas
https://tysonfoods.wd5.myworkdayjobs.com/tsn5/job/Forest-MS-Complex---Forest-Mississippi/Breast-Trimmer-Labor-PR02U--2nd-Shift---August---Forest--MS_R0476884	2026-08-04	workday-full	Breast Trimmer Labor PR02U, 2nd Shift (August), Forest, MS	tysonfoods	added	Forest, MS Complex - Forest, Mississippi
https://tysonfoods.wd5.myworkdayjobs.com/tsn5/job/Forest-MS-Complex---Forest-Mississippi/Floor-Person-Labor-PR01U--2nd-shift--August--Forest--MS_R0477107	2026-08-04	workday-full	Floor Person Labor PR01U, 2nd shift (August) Forest, MS	tysonfoods	added	Forest, MS Complex - Forest, Mississippi
https://tysonfoods.wd5.myworkdayjobs.com/tsn5/job/Forest-MS-Complex---Forest-Mississippi/Rehanger-Labor-PR01U-2nd-Shift--August--Forest--MS_R0477108	2026-08-04	workday-full	Rehanger Labor PR01U 2nd Shift (August) Forest, MS	tysonfoods	added	Forest, MS Complex - Forest, Mississippi
https://tysonfoods.wd5.myworkdayjobs.com/tsn5/job/Forest-MS-Complex---Forest-Mississippi/Chiller-Rehanger-2nd-Shift-Forest--MS_R0477102	2026-08-04	workday-full	Chiller Rehanger 2nd Shift Forest, MS	tysonfoods	added	Forest, MS Complex - Forest, Mississippi
https://tysonfoods.wd5.myworkdayjobs.com/tsn/job/Forest-MS-Complex---Forest-Mississippi/Floor-Person-Labor-PR01U--2nd-shift--August--Forest--MS_R0477107-1	2026-08-04	workday-full	Floor Person Labor PR01U, 2nd shift (August) Forest, MS	tysonfoods	added	Forest, MS Complex - Forest, Mississippi
https://tysonfoods.wd5.myworkdayjobs.com/tsn/job/Forest-MS-Complex---Forest-Mississippi/Rehanger-Labor-PR01U-2nd-Shift--August--Forest--MS_R0477108-1	2026-08-04	workday-full	Rehanger Labor PR01U 2nd Shift (August) Forest, MS	tysonfoods	added	Forest, MS Complex - Forest, Mississippi
https://tysonfoods.wd5.myworkdayjobs.com/tsn/job/Forest-MS-Complex---Forest-Mississippi/Chiller-Rehanger-2nd-Shift-Forest--MS_R0477102-1	2026-08-04	workday-full	Chiller Rehanger 2nd Shift Forest, MS	tysonfoods	added	Forest, MS Complex - Forest, Mississippi
https://topgolf.wd501.myworkdayjobs.com/topgolfcareers/job/Waco-Texas/Bay-Host--server-_JR2023-22075	2026-08-04	workday-full	Bay Host (server)	topgolf	added	Waco, Texas
https://td.wd3.myworkdayjobs.com/td_bank_careers/job/Moorestown-New-Jersey/Retail-Banker-I-Moorestown_R_1501596	2026-08-04	workday-full	Relationship Banker I/Moorestown	td	added	Moorestown, New Jersey
https://td.wd3.myworkdayjobs.com/td_bank_careers/job/1441-Main-Street-Springfield-Massachusetts/Financial-Advisor---Springfield--Massachusetts_R_1492717	2026-08-04	workday-full	Financial Advisor - Springfield, Massachusetts	td	added	1441 Main Street, Springfield, Massachusetts
https://td.wd3.myworkdayjobs.com/td_bank_careers/job/Springfield-Massachusetts/Financial-Advisor-Associate---Springfield--Massachusetts_R_1492750	2026-08-04	workday-full	Financial Advisor Associate - Springfield, Massachusetts	td	added	Springfield, Massachusetts
https://thales.wd3.myworkdayjobs.com/careers/job/Bucharest/Data-SRE---Bucharest-Sovereign-Cloud-Hub_R0332890	2026-08-04	workday-full	Data SRE — Bucharest Sovereign Cloud Hub	thales	added	Bucharest
https://td.wd3.myworkdayjobs.com/td_bank_careers/job/Moorestown-New-Jersey/Banking-Associate-Marter-Avenue-Moorestown--30hrs-_R_1497224	2026-08-04	workday-full	Associate Banker II/Marter Avenue(Moorestown)(30hrs)	td	added	Moorestown, New Jersey
https://td.wd3.myworkdayjobs.com/td_bank_careers/job/Newark-New-Jersey/Associate-Banker-II---Newark-Springfield_R_1503172	2026-08-04	workday-full	Associate Banker II - Newark/Springfield	td	added	Newark, New Jersey
https://terribleherbst.wd5.myworkdayjobs.com/terriblescareers/job/Henderson-NV---Inspirada-WSKY2/Server---WSKY-Inspirada_JR110839-1	2026-08-04	workday-full	Server - WSKY Inspirada	terribleherbst	added	Henderson, NV - Inspirada WSKY2
https://td.wd3.myworkdayjobs.com/td_bank_careers/job/Springfield-Virginia/Retail-Banker-I--PT-20Hrs--West-Springfield-_R_1494381	2026-08-04	workday-full	Relationship Banker I /PT 20Hrs. (West Springfield)	td	added	Springfield, Virginia
https://td.wd3.myworkdayjobs.com/td_bank_careers/job/Forest-Hills-New-York/Premier-Banker--Forest-Hills-Queens-Blvd_R_1494139	2026-08-04	workday-full	Premier Banker- Forest Hills/Queens Blvd	td	added	Forest Hills, New York
https://td.wd3.myworkdayjobs.com/td_bank_careers/job/Coral-Springs-Florida/Premier-Banker--Coral-Springs-Univeristy-Drive_R_1488431	2026-08-04	workday-full	Premier Banker- Coral Springs Univeristy Drive	td	added	Coral Springs, Florida
https://td.wd3.myworkdayjobs.com/td_bank_careers/job/Moorestown-New-Jersey/Premier-Banker--Moorestown_R_1501599	2026-08-04	workday-full	Premier Banker- Moorestown	td	added	Moorestown, New Jersey
https://synechron.wd1.myworkdayjobs.com/synechroncareers/job/Calgary-AB/Java-Developer_JR1041691-1	2026-08-04	workday-full	Java Developer	synechron	added	Calgary, AB
https://stjude.wd1.myworkdayjobs.com/stjude/job/Memphis-TN/Satellite-Server_JR6714-2	2026-08-04	workday-full	Satellite Server	stjude	added	Memphis, TN
https://spgi.wd5.myworkdayjobs.com/spgi_careers/job/Kuala-Lumpur-MYS/Product-Operations-API---Warehouse-Solutions_322922-1	2026-08-04	workday-full	Product Operations Specialist for API & Warehouse Solutions	spgi	added	Kuala Lumpur, MYS
https://spgi.wd5.myworkdayjobs.com/spgi_internal/job/London-UK/Business-Development-Go-to-Market-Financial-Analyst_330753-2	2026-08-04	workday-full	Business Development/Go-to-Market Financial Analyst	spgi	added	London, UK
https://spgi.wd5.myworkdayjobs.com/spgi_internal/job/Kuala-Lumpur-MYS/Product-Operations-API---Warehouse-Solutions_322922	2026-08-04	workday-full	Product Operations Specialist for API & Warehouse Solutions	spgi	added	Kuala Lumpur, MYS
https://shakeshack.wd5.myworkdayjobs.com/external/job/Columbus-Circle-10-Columbus-CircleSuite-302-New-York-10019/Team-Member----1800---hour_JR7917	2026-08-04	workday-full	Restaurant Team Member	shakeshack	added	Columbus Circle, 10 Columbus CircleSuite #302, New York 10019
https://shakeshack.wd5.myworkdayjobs.com/external/job/Century-City-10250-Santa-Monica-Blvd-2130-Los-Angeles-CA-90067/Restaurant-Team-Member_HB344460-3	2026-08-04	workday-full	Restaurant Team Member	shakeshack	added	Century City, 10250 Santa Monica Blvd. #2130, Los Angeles, CA 90067
https://shakeshack.wd5.myworkdayjobs.com/external/job/Hollywood-6201-Hollywood-Blvd-Ste-104-Los-Angeles-CA-90028/Restaurant-Team-Member_HB344516-3	2026-08-04	workday-full	Restaurant Team Member	shakeshack	added	Hollywood, 6201 Hollywood Blvd. Ste. 104, Los Angeles, CA 90028
https://shakeshack.wd5.myworkdayjobs.com/external/job/Westlake-120-Promenade-Way-Ste-A-Thousand-Oaks-CA-91362/Restaurant-Team-Member_HB345148-3	2026-08-04	workday-full	Restaurant Team Member	shakeshack	added	Westlake, 120 Promenade Way Ste A, Thousand Oaks, CA 91362
https://shakeshack.wd5.myworkdayjobs.com/external/job/Bay-Plaza-344-Baychester-Avenue-Bronx-NY-10475/Restaurant-Team-Member_HB345355-3	2026-08-04	workday-full	Restaurant Team Member	shakeshack	added	Bay Plaza, 344 Baychester Avenue, Bronx, NY 10475
https://shakeshack.wd5.myworkdayjobs.com/external/job/Stonestown-Galleria-3251-20th-Ave-0P186-San-Francisco-CA-94132/Restaurant-Team-Member_JR1059	2026-08-04	workday-full	Restaurant Team Member	shakeshack	added	Stonestown Galleria, 3251 20th Ave. #0P186, San Francisco, CA 94132
https://shakeshack.wd5.myworkdayjobs.com/external/job/Wesley-Chapel-25600-Sierra-Center-Blvd-Lutz-FL-33559/Restaurant-Team-Member_JR10804	2026-08-04	workday-full	Restaurant Team Member	shakeshack	added	Wesley Chapel, 25600 Sierra Center Blvd, Lutz, FL 33559
https://shakeshack.wd5.myworkdayjobs.com/external/job/Melville-849-Walt-Whitman-Rd-Melville-NY-11747/Restaurant-Team-Member_JR1143	2026-08-04	workday-full	Restaurant Team Member	shakeshack	added	Melville, 849 Walt Whitman Rd., Melville, NY 11747
https://shakeshack.wd5.myworkdayjobs.com/external/job/153-Grand-Hill-Place-Suite-417-Holly-Springs-NC-27540/Restaurant-Team-Member_JR11563	2026-08-04	workday-full	Restaurant Team Member	shakeshack	added	153 Grand Hill Place Suite 417 Holly Springs, NC 27540
https://shakeshack.wd5.myworkdayjobs.com/external/job/568-E-Interstate-30-Rockwall-TX-75087/Restaurant-Team-Member_JR11631-1	2026-08-04	workday-full	Restaurant Team Member	shakeshack	added	568 E Interstate 30 Rockwall, TX 75087
https://shakeshack.wd5.myworkdayjobs.com/external/job/Meatpacking-District-820-Washington-Street-New-York-NY-10014/Restaurant-Team-Member_JR124	2026-08-04	workday-full	Restaurant Team Member	shakeshack	added	Meatpacking District, 820 Washington Street, New York, NY 10014
https://shakeshack.wd5.myworkdayjobs.com/external/job/Interquest-9723-Federal-Dr-Colorado-80921/Restaurant-Team-Member_JR3841	2026-08-04	workday-full	Restaurant Team Member	shakeshack	added	Interquest, 9723 Federal Dr, Colorado 80921
https://shakeshack.wd5.myworkdayjobs.com/external/job/Boulder-1680-29th-St-1288-Boulder-CO-80301/Restaurant-Team-Member_JR7104	2026-08-04	workday-full	Restaurant Team Member	shakeshack	added	Boulder, 1680 29th St. #1288, Boulder, CO 80301
https://shakeshack.wd5.myworkdayjobs.com/external/job/St-Johns-Town-Center-10281-Midtown-ParkwaySuite-101-Florida-32246/Restaurant-Team-Member_JR7802	2026-08-04	workday-full	Restaurant Team Member	shakeshack	added	St Johns Town Center, 10281 Midtown ParkwaySuite 101, Florida 32246
https://shakeshack.wd5.myworkdayjobs.com/external/job/Katy-Freeway-19300-Katy-Fwy-Houston-TX-77084/Restaurant-Team-Member_JR3121	2026-08-04	workday-full	Restaurant Team Member	shakeshack	added	Katy Freeway, 19300 Katy Fwy, Houston, TX 77084
https://shakeshack.wd5.myworkdayjobs.com/external/job/Emp-Outlets-35-Richmond-Terrace-Space-323-Staten-Island-NY-10301/Restaurant-Team-Member_JR6138	2026-08-04	workday-full	Restaurant Team Member	shakeshack	added	Emp Outlets, 35 Richmond Terrace Space 323, Staten Island, NY 10301
https://shakeshack.wd5.myworkdayjobs.com/external/job/BPC-215-Murray-Street-New-York-NY-10282/Restaurant-Team-Member_HB345342-3	2026-08-04	workday-full	Restaurant Team Member	shakeshack	added	BPC, 215 Murray Street, New York, NY 10282
https://shakeshack.wd5.myworkdayjobs.com/external/job/Clifton-249-Calhoun-StreetSuite-5106B-Ohio-45219/Part-Time-Team-Member_JR11938	2026-08-04	workday-full	Restaurant Team Member	shakeshack	added	Clifton, 249 Calhoun StreetSuite 5106B, Ohio 45219
https://shhotelsandresorts.wd12.myworkdayjobs.com/shg/job/1-Hotel-Copenhagen/Server---On-Call_JR105321-1	2026-08-04	workday-full	Server - On Call	shhotelsandresorts	added	1 Hotel Copenhagen
https://shakeshack.wd5.myworkdayjobs.com/external/job/Southlake-125-Central-Avenue-Southlake-TX-76092/Restaurant-Team-Member_HB345277-2	2026-08-04	workday-full	Restaurant Team Member	shakeshack	added	Southlake, 125 Central Avenue, Southlake, TX 76092
https://shakeshack.wd5.myworkdayjobs.com/external/job/West-Hollywood-8520-Santa-Monica-Blvd-West-Hollywood-CA-90069/Restaurant-Team-Member_JR10029	2026-08-04	workday-full	Restaurant Team Member	shakeshack	added	West Hollywood, 8520 Santa Monica Blvd., West Hollywood, CA 90069
https://shakeshack.wd5.myworkdayjobs.com/external/job/Forest-Hills-71-24-Austin-Street-Forest-Hills-NY-11375/Restaurant-Team-Member_JR10581-1	2026-08-04	workday-full	Restaurant Team Member	shakeshack	added	Forest Hills, 71-24 Austin Street, Forest Hills, NY 11375
https://shakeshack.wd5.myworkdayjobs.com/external/job/Park-City-6699-N-Landmark-Dr-Ste-J100-Utah-84098/Restaurant-Team-Member_JR10915	2026-08-04	workday-full	Restaurant Team Member	shakeshack	added	Park City, 6699 N Landmark Dr, Ste J100, Utah 84098
https://shakeshack.wd5.myworkdayjobs.com/external/job/6230-W-Indiantown-Rd-Suite-11-Jupiter-FL-33458/Restaurant-Team-Member_JR10916	2026-08-04	workday-full	Restaurant Team Member	shakeshack	added	6230 W Indiantown Rd Suite 11 Jupiter, FL 33458
https://shakeshack.wd5.myworkdayjobs.com/external/job/Hartsdale-379-N-Central-Ave-Hartsdale-NY-10530/Restaurant-Team-Member_JR7871	2026-08-04	workday-full	Restaurant Team Member	shakeshack	added	Hartsdale, 379 N Central Ave, Hartsdale, NY 10530
https://shakeshack.wd5.myworkdayjobs.com/external/job/Hyannis-790-Lyannough-Rd-Massachusetts-02601/Restaurant-Team-Member_JR9632	2026-08-04	workday-full	Restaurant Team Member	shakeshack	added	Hyannis, 790 Lyannough Rd, Massachusetts 02601
https://shakeshack.wd5.myworkdayjobs.com/external/job/Bed-Stuy-1190-Fulton-Street-Brooklyn-NY-11216/Restaurant-Team-Member_JR1992-1	2026-08-04	workday-full	Restaurant Team Member	shakeshack	added	Bed-Stuy, 1190 Fulton Street, Brooklyn, NY 11216
https://shakeshack.wd5.myworkdayjobs.com/external/job/Suburban-Square-40-Coulter-Ave-Suite-130-Ardmore-PA-19003/Restaurant-Team-Member_JR11774-1	2026-08-04	workday-full	Restaurant Team Member	shakeshack	added	Suburban Square, 40 Coulter Ave. Suite 130, Ardmore, PA 19003
https://shakeshack.wd5.myworkdayjobs.com/external/job/LaDue-Crossing-8885-Ladue-Road-Suite-H-Saint-Louis-MO-63124/Restaurant-Team-Member_HB344148-3	2026-08-04	workday-full	Restaurant Team Member	shakeshack	added	LaDue Crossing, 8885 Ladue Road Suite H, Saint Louis, MO 63124
https://shakeshack.wd5.myworkdayjobs.com/external/job/Lees-Summit-2051-NW-Lowenstein-Drive-Lees-Summit-MO-64081/Restaurant-Team-Member_HB344468-3	2026-08-04	workday-full	Restaurant Team Member	shakeshack	added	Lees Summit, 2051 NW Lowenstein Drive, Lees Summit, MO 64081
https://shakeshack.wd5.myworkdayjobs.com/external/job/Wayne-96-Willowbrook-Blvd-Wayne-NJ-07470/Miembro-del-Equipo-del-Restaurante_JR1308	2026-08-04	workday-full	Restaurant Team Member	shakeshack	added	Wayne, 96 Willowbrook Blvd, Wayne, NJ 07470
https://shakeshack.wd5.myworkdayjobs.com/external/job/Metairie-3501-Veterans-Memorial-Blvd-Metairie-LA-70002/Restaurant-Team-Member_HB342171-3	2026-08-04	workday-full	Restaurant Team Member	shakeshack	added	Metairie, 3501 Veterans Memorial Blvd, Metairie, LA 70002
https://shakeshack.wd5.myworkdayjobs.com/external/job/Rochester-Hills-66-N-Adams-Rochester-Hills-MI-48309/Restaurant-Team-Member_HB343370-3	2026-08-04	workday-full	Restaurant Team Member	shakeshack	added	Rochester Hills, 66 N. Adams, Rochester Hills, MI 48309
https://shakeshack.wd5.myworkdayjobs.com/external/job/Old-Orchard-4999-Old-Orchard-Center-Space-L28-Skokie-IL-60077/Restaurant-Team-Member_HB344506-3	2026-08-04	workday-full	Restaurant Team Member	shakeshack	added	Old Orchard, 4999 Old Orchard Center Space L28, Skokie, IL 60077
https://shakeshack.wd5.myworkdayjobs.com/external/job/Carlsbad-7740-El-Camino-Real-Suite-K-Carlsbad-CA-92009/Restaurant-Team-Member_HB344647-3	2026-08-04	workday-full	Restaurant Team Member	shakeshack	added	Carlsbad, 7740 El Camino Real Suite K, Carlsbad, CA 92009
https://senecacasinos.wd12.myworkdayjobs.com/sgc/job/Niagara-Falls-NY/Koi--Fine-Dining-Assistant-Server---FT_JR103632	2026-08-04	workday-full	Koi, Fine Dining Assistant Server - FT	senecacasinos	added	Niagara Falls, NY
https://senecacasinos.wd12.myworkdayjobs.com/sgc/job/Niagara-Falls-NY/La-Cascata--Fine-Dining-Assistant-Server---FT_JR103179	2026-08-04	workday-full	La Cascata, Fine Dining Assistant Server - FT	senecacasinos	added	Niagara Falls, NY
https://senecacasinos.wd12.myworkdayjobs.com/sgc/job/Salamanca-NY/Restaurant-Server--PT---Seneca-Cafe_JR103562	2026-08-04	workday-full	Restaurant Server (PT), Seneca Cafe	senecacasinos	added	Salamanca, NY
https://senecacasinos.wd12.myworkdayjobs.com/sgc/job/Salamanca-NY/Restaurant-Busser--Seneca-Cafe_JR103561	2026-08-04	workday-full	Restaurant Busser, Seneca Cafe	senecacasinos	added	Salamanca, NY
https://seaportdevelopmentholdings.wd501.myworkdayjobs.com/seaport_external_careers/job/Sadies/Server-Assistant_R-100811	2026-08-04	workday-full	Server Assistant	seaportdevelopmentholdings	added	Sadie's
https://santander.wd3.myworkdayjobs.com/santandercareers/job/SAO-PAULO/Espec-Exp-Cliente-III_Req1562364	2026-08-04	workday-full	IT Developer III (Fullstack - Node.js/Angular)	santander	added	SAO PAULO
https://sanford.wd5.myworkdayjobs.com/sanfordhealth/job/SD-Sioux-Falls/Constant-Observer---CO---Float-Pool---FT-Nights_R-0269479	2026-08-04	workday-full	Constant Observer - CO - Float Pool - FT Nights	sanford	added	SD, Sioux Falls
https://saks.wd1.myworkdayjobs.com/careers_at_saks/job/NM_0214_WESTCHESTER/Restaurant-Cook_R-108142	2026-08-04	workday-full	Restaurant Cook	saks	added	NM_0214_WESTCHESTER
https://rwlasvegas.wd501.myworkdayjobs.com/rwlv_external_careers/job/Resorts-World-Las-Vegas/Gourmet-Food-Server--FuHu_JR-03172	2026-08-04	workday-full	Gourmet Food Server, FuHu	rwlasvegas	added	Resorts World Las Vegas
https://reitmr.wd5.myworkdayjobs.com/sonesta/job/Royal-Sonesta-New-Orleans-LA/In-Room-Dining-Server_R-0073563	2026-08-04	workday-full	In Room Dining Server	reitmr	added	Royal Sonesta New Orleans, LA
https://reitmr.wd5.myworkdayjobs.com/sonesta/job/Royal-Sonesta-New-Orleans-LA/Pastry-Cook--Restaurant-R-evolution_R-0073644	2026-08-04	workday-full	Pastry Cook, Restaurant R’evolution	reitmr	added	Royal Sonesta New Orleans, LA
https://rackspace.wd1.myworkdayjobs.com/external/job/IND-Work-from-Home-Remote/Software-Developer-IV--Golang---Kubernetes-_R-23629-1	2026-08-04	workday-full	Software Developer IV (Golang & Kubernetes)	rackspace	added	IND-Work from Home-Remote
https://powdr.wd12.myworkdayjobs.com/powdr_careers/job/Truckee-CA-Woodward-TahoeBoreal/Soda-Springs-Indoor-Operations-Crew-Member---Housing-Available_JR6678	2026-08-04	workday-full	Soda Springs Indoor Operations Crew Member - Housing Available	powdr	added	
https://powdr.wd12.myworkdayjobs.com/powdr_careers/job/Truckee-CA-Woodward-TahoeBoreal/Soda-Springs-Mountain-Operations-Crew-Member---Housing-Available_JR6679	2026-08-04	workday-full	Soda Springs Mountain Operations Crew Member - Housing Available	powdr	added	
https://portlandgeneral.wd5.myworkdayjobs.com/pgn/job/Portland-Oregon/Forester_R8369-1	2026-08-04	workday-full	Forester	portlandgeneral	added	Portland, Oregon
https://pnc.wd5.myworkdayjobs.com/external/job/PA---Pittsburgh-15219/Software-Engineer-I--MLOps--Python-Big-Data-_R230456-1	2026-08-04	workday-full	Software Engineer I, MLOps (Python/Big Data)	pnc	added	2 Locations
https://pnc.wd5.myworkdayjobs.com/external/job/PA---Pittsburgh-15219/Software-Engineer---Data-and-Automation--Python--PySpark--AWS--GitHub-Copilot-_R226181-1	2026-08-04	workday-full	Software Engineer - Data and Automation (Python, PySpark, AWS, GitHub Copilot)	pnc	added	2 Locations
https://piramalpharma.wd102.myworkdayjobs.com/piramal_external_careers/job/Digwal-TS/Executive---Production_R00003173	2026-08-04	workday-full	Executive - Production ( API )	piramalpharma	added	Digwal, TS
https://pinnaclegroup.wd1.myworkdayjobs.com/pinnaclegroup/job/Remote-Mexico/API-Developer_JR1195	2026-08-04	workday-full	API Developer	pinnaclegroup	added	Remote Mexico
https://philips.wd3.myworkdayjobs.com/jobs-and-careers/job/Springfield-Missouri-United-States/Field-Service-Engineer---Ultrasound--Field--Springfield--MO-_587238	2026-08-04	workday-full	Field Service Engineer - Ultrasound (Field: Springfield, MO)	philips	added	Springfield, Missouri, United States
https://pbv.wd503.myworkdayjobs.com/external/job/Garner-NC/Warehouse-Associate--Eagle-Crest_R-2026-3313	2026-08-04	workday-full	Warehouse Associate- Eagle Crest	pbv	added	Garner, NC
https://ouryahoo.wd5.myworkdayjobs.com/careers/job/United-States-of-America/Backend-Software-Dev-Engineer-II---Yahoo-Mail--AntiSpam_JR0027256	2026-08-04	workday-full	Backend Software Dev Engineer II - Yahoo Mail, AntiSpam	ouryahoo	added	United States of America
https://onvo.wd108.myworkdayjobs.com/onvocareers/job/Scranton-PA/Restaurant-Technician_JR1533	2026-08-04	workday-full	Restaurant Technician	onvo	added	Scranton, PA
https://nexdine.wd1.myworkdayjobs.com/nexdine/job/Plano-TX/Server_JR101827	2026-08-04	workday-full	Server	nexdine	added	Plano, TX
https://nexdine.wd1.myworkdayjobs.com/nexdine/job/Lowell-MA/Prep-Server_JR101917	2026-08-04	workday-full	Prep/Server	nexdine	added	Lowell, MA
https://nab.wd3.myworkdayjobs.com/nab_careers/job/15-Tran-Bach-Dang-An-Khanh-Ward/Analyst--Java-Engineer---HICAPs_JR120138	2026-08-04	workday-full	Analyst, Java Engineer - HICAPs	nab	added	15 Tran Bach Dang An Khanh Ward
https://montage.wd1.myworkdayjobs.com/montage_international/job/USA---CA---Laguna-Beach/Restaurant-Executive-Chef_R43816	2026-08-04	workday-full	Restaurant Executive Chef	montage	added	USA - CA - Laguna Beach
https://monarchcasino.wd501.myworkdayjobs.com/monarch_casinos/job/Monarch-Blackhawk/Restaurant-Cook_JR101033	2026-08-04	workday-full	Restaurant Cook	monarchcasino	added	Monarch Blackhawk
https://monarchcasino.wd501.myworkdayjobs.com/monarch_casinos/job/Monarch-Blackhawk/Cocktail-Server_JR100901	2026-08-04	workday-full	Cocktail Server	monarchcasino	added	Monarch Blackhawk
https://monarchcasino.wd501.myworkdayjobs.com/monarch_casinos/job/Monarch-Blackhawk/Bistro-Mariposa-Server_JR101258	2026-08-04	workday-full	Bistro Mariposa Server	monarchcasino	added	Monarch Blackhawk
https://monarchcasino.wd501.myworkdayjobs.com/monarch_casinos/job/Monarch-Blackhawk/Chophouse-Restaurant-Busser_JR100380	2026-08-04	workday-full	Chophouse Restaurant Busser	monarchcasino	added	Monarch Blackhawk
https://mgmresorts.wd5.myworkdayjobs.com/mgmcareers/job/Property---Aria/Lounge-Server---Bardot-Brasserie---Aria_276263	2026-08-04	workday-full	Lounge Server - Bardot Brasserie - Aria	mgmresorts	added	Property - Aria
https://mgmresorts.wd5.myworkdayjobs.com/mgmcareers/job/Property---MGM-Springfield/Garde-Manger-Cook---MGM-Springfield_277865	2026-08-04	workday-full	Garde Manger Cook - MGM Springfield	mgmresorts	added	Property - MGM Springfield
https://mgmresorts.wd5.myworkdayjobs.com/mgmcareers/job/Property---MGM-Springfield/Enviornmental-Services-Supervisor---MGM-Springfield_275499	2026-08-04	workday-full	Environmental Services Supervisor - MGM Springfield	mgmresorts	added	Property - MGM Springfield
https://mercy.wd1.myworkdayjobs.com/mercycareers/job/Mercy-Clinics-of-Springfield-and-Communities/Medical-Assistant---Springfield-Clinic-Float-Pool--Full-Time_JR257480-1	2026-08-04	workday-full	Medical Assistant - Springfield Clinic Float Pool, Full Time	mercy	added	Mercy Clinics of Springfield and Communities
https://mercy.wd1.myworkdayjobs.com/mercycareers/job/Mercy-Hospital-Springfield/Patient-Access-Representative--Full-Time-Mercy-Springfield_JR264229	2026-08-04	workday-full	Patient Access Representative, Full Time Mercy Springfield	mercy	added	Mercy Hospital Springfield
https://mercy.wd1.myworkdayjobs.com/mercycareers/job/Mercy-Clinics-of-Springfield-and-Communities/Onsite---Insurance-Services-Rep-I---Springfield-MO_JR262327	2026-08-04	workday-full	Onsite - Insurance Services Rep I - Springfield MO	mercy	added	Mercy Clinics of Springfield and Communities
https://merceruniversity.wd1.myworkdayjobs.com/student/job/Macon-Campus/CCPD-Student-Assistant_JR103942	2026-08-04	workday-full	CCPD Student Assistant(Fall26-Spring27)	merceruniversity	added	Macon Campus
https://mbk.wd5.myworkdayjobs.com/mslcareers/job/CA---Thousand-Oaks-The-Reserve-at-Thousand-Oaks/Server---PT_JR110772	2026-08-04	workday-full	Server - PT	mbk	added	CA - Thousand Oaks: The Reserve at Thousand Oaks
https://mbk.wd5.myworkdayjobs.com/mslcareers/job/OR---Portland-The-Courtyard-at-Mount-Tabor/Server---PT_JR110769	2026-08-04	workday-full	Server - PT	mbk	added	OR - Portland: The Courtyard at Mount Tabor
https://mbk.wd5.myworkdayjobs.com/mslcareers/job/OR---Portland-The-Courtyard-at-Mount-Tabor/Server--PT_JR110770	2026-08-04	workday-full	Server, PT	mbk	added	OR - Portland: The Courtyard at Mount Tabor
https://mbk.wd5.myworkdayjobs.com/mslcareers/job/CA---Thousand-Oaks-The-Reserve-at-Thousand-Oaks/Server---PT_JR110773	2026-08-04	workday-full	Server - PT	mbk	added	CA - Thousand Oaks: The Reserve at Thousand Oaks
https://mbk.wd5.myworkdayjobs.com/mslcareers/job/CA---Antioch-The-Commons-at-Dallas-Ranch/Server---PT_JR110768	2026-08-04	workday-full	Server - PT	mbk	added	CA - Antioch: The Commons at Dallas Ranch
https://lvhn.wd1.myworkdayjobs.com/hnl/job/Allentown-PA/Lab-Technician--Technologist-Blood-Bank-LVH-Cedar-Crest_JR140160	2026-08-04	workday-full	Lab Technician/ Technologist Blood Bank LVH Cedar Crest	lvhn	added	Allentown, PA
https://loewshotels.wd5.myworkdayjobs.com/loewshotels/job/FL---Coral-Gables---Loews-Coral-Gables/Restaurant-Busperson_R0085691	2026-08-04	workday-full	Restaurant Busperson	loewshotels	added	FL - Coral Gables - Loews Coral Gables
https://loewshotels.wd5.myworkdayjobs.com/loewshotels/job/FL---Coral-Gables---Loews-Coral-Gables/Restaurant-Server_R0086278	2026-08-04	workday-full	Restaurant Server	loewshotels	added	FL - Coral Gables - Loews Coral Gables
https://livenation.wd503.myworkdayjobs.com/lnexternalsite/job/Las-Vegas-NV-USA/Line-Cook---Restaurant_JR-92141-2	2026-08-04	workday-full	Line Cook - Restaurant	livenation	added	Las Vegas, NV, USA
https://linklaters.wd3.myworkdayjobs.com/de_linklaters/job/Frankfurt/Referendar-wissenschaftlicher-Mitarbeiter--m-w-d--Restrukturierung---Insolvenz-in-Frankfurt-am-Main_R00015222	2026-08-04	workday-full	Referendar/wissenschaftlicher Mitarbeiter (m/w/d) Restrukturierung & Insolvenz in Frankfurt am Main	linklaters	added	Frankfurt
https://linklaters.wd3.myworkdayjobs.com/linklaters/job/Frankfurt/Referendar-wissenschaftlicher-Mitarbeiter--m-w-d--Restrukturierung---Insolvenz-in-Frankfurt-am-Main_R00015222-1	2026-08-04	workday-full	Referendar/wissenschaftlicher Mitarbeiter (m/w/d) Restrukturierung & Insolvenz in Frankfurt am Main	linklaters	added	Frankfurt
https://irsc.wd5.myworkdayjobs.com/external/job/Fort-Pierce-FL/Assistant-Professor-I---Fire-Science_R5443	2026-08-04	workday-full	Assistant Professor I - Fire Science (Spring Semester 2027)	irsc	added	Fort Pierce, FL
https://hyvee.wd1.myworkdayjobs.com/hyveecareers/job/Jefferson-W-Washington-St-Jefferson-IA/Server_R244301	2026-08-04	workday-full	Server	hyvee	added	Jefferson, W Washington St, Jefferson, IA
https://hyvee.wd1.myworkdayjobs.com/hyveecareers/job/Cedar-Rapids-6-Mt-Vernon-Rd-Cedar-Rapids-IA/Server_R244351	2026-08-04	workday-full	Server	hyvee	added	Cedar Rapids #6, Mt Vernon Rd., Cedar Rapids, IA
https://icf.wd5.myworkdayjobs.com/icfexternal_career_site/job/Reston-VA/Operations-Analyst--Hybrid-Reston-Preferred-_R2602348	2026-08-04	workday-full	Operations Analyst (Hybrid-Reston Preferred)	icf	added	Reston, VA
https://homedepot.wd5.myworkdayjobs.com/careerdepot/job/TEXAS---VIRTUAL---TX01/Software-Engineer-II---Backend-Java--Remote-_Req187572-1	2026-08-04	workday-full	Software Engineer II - Backend Java (Remote)	homedepot	added	TEXAS - VIRTUAL - TX01
https://harmonyseniorservices.wd108.myworkdayjobs.com/harmony_careers/job/Herndon-Virginia/Dietary-Aide-Server_JR-003857	2026-08-04	workday-full	Dietary Aide/Server	harmonyseniorservices	added	Herndon, Virginia
https://harmonyseniorservices.wd108.myworkdayjobs.com/harmony_careers/job/Hampton-Virginia/Server---Part-Time_JR-003911-1	2026-08-04	workday-full	Server | Part Time	harmonyseniorservices	added	Hampton, Virginia
https://harmonyseniorservices.wd108.myworkdayjobs.com/harmony_careers/job/Herndon-Virginia/Dietary-Aide-Server_JR-003855-1	2026-08-04	workday-full	Dietary Aide/Server	harmonyseniorservices	added	Herndon, Virginia
https://guestservices.wd5.myworkdayjobs.com/mtr/job/Mt-Rainier-Paradise-Inn/Server---Paradise-Inn---Summer-Seasonal_JR03979-2	2026-08-04	workday-full	Server - Paradise Inn - Summer Seasonal	guestservices	added	Mt Rainier Paradise Inn
https://freseniusmedicalcare.wd3.myworkdayjobs.com/fme/job/Restelo--Portugal/Auxiliar---Lisboa---Restelo_R0264537	2026-08-04	workday-full	Auxiliar | Lisboa - Restelo	freseniusmedicalcare	added	Restelo , Portugal
https://freemanhealth.wd1.myworkdayjobs.com/jointeamfreeman/job/Freeman-Springdale-Hospital/ER-Technician---Springdale-Emergenct-Department---Full-Time_JR111914	2026-08-04	workday-full	ER Technician - Springdale Emergenct Department - Full-Time	freemanhealth	added	Freeman Springdale Hospital
https://fogo.wd5.myworkdayjobs.com/fogo/job/Elmhurst-NY/Server_R28022	2026-08-04	workday-full	Server	fogo	added	
https://fogo.wd5.myworkdayjobs.com/fogo/job/San-Antonio-TX/Server_R28020	2026-08-04	workday-full	Server	fogo	added	
https://fogo.wd5.myworkdayjobs.com/fogo/job/Washington-DC/Server_R28013	2026-08-04	workday-full	Server	fogo	added	
https://fiserv.wd5.myworkdayjobs.com/ext/job/Berkeley-Heights-New-Jersey/C---Developer_R-10363376	2026-08-04	workday-full	Java Backend Engineer	fiserv	added	2 Locations
https://fiserv.wd5.myworkdayjobs.com/ext/job/Alpharetta-Georgia/Java-Developer_R-10382084	2026-08-04	workday-full	Java Developer	fiserv	added	Alpharetta, Georgia
https://fis.wd5.myworkdayjobs.com/searchjobs/job/IND-PUNE-FL7/JAVA-Techno-Functional-Support-Role--4-7-Years----Pune_JR0307860	2026-08-04	workday-full	JAVA Techno-Functional Support Role (4-7 Years) - Pune	fis	added	IND PUNE FL7
https://fifththird.wd5.myworkdayjobs.com/53careers/job/Apopka-FL/CSR-Teller---Wekiva-Springs-Apopka-FL---Part-Time_R70918	2026-08-04	workday-full	CSR/Teller - Wekiva Springs/Apopka FL - Part Time	fifththird	added	Apopka, FL
https://fifththird.wd5.myworkdayjobs.com/53careers/job/Wake-Forest-NC/Retail-Personal-Banker-Associate-I----Wake-Forest_R70811	2026-08-04	workday-full	Retail Personal Banker Associate I - Wake Forest	fifththird	added	Wake Forest, NC
https://epicorsoftware.wd5.myworkdayjobs.com/epicorjobs/job/India-Bangalore/Product-Developer---Fullstack--Java---Net---Angular-_JR104970	2026-08-04	workday-full	Product Developer - Fullstack (Java / .Net , Angular)	epicorsoftware	added	India, Bangalore
https://easyservice.wd5.myworkdayjobs.com/mercyhealthcareers/job/Springfield-OH/Nursing-Assistant-Unit-Clerk---Emergency-Department---Springfield-Regional-Medical-Center_R275562	2026-08-04	workday-full	Nursing Assistant Unit Clerk - Emergency Department - Springfield Regional Medical Center	easyservice	added	Springfield, OH
https://dutchbros.wd1.myworkdayjobs.com/dbshops/job/301-E-Colorado-Ave-Colorado-Springs-CO-80903/Broista---Colorado-Springs--CO_REQ-19615	2026-08-04	workday-full	Broista - Colorado Springs, CO	dutchbros	added	301 E. Colorado Ave. Colorado Springs, CO 80903
https://disney.wd5.myworkdayjobs.com/disneycareer/job/Buenos-Aires-Argentina/Software-Engineer_10154451	2026-08-04	workday-full	Software Engineer (Backend)	disney	added	Buenos Aires, Argentina
https://discoverylandco.wd5.myworkdayjobs.com/dlc/job/Guanacaste-Costa-Rica/Server_JR104894	2026-08-04	workday-full	Server	discoverylandco	added	Guanacaste, Costa Rica
https://daveandbusters.wd1.myworkdayjobs.com/dave_and_busters_careers/job/Wilmington-NC/Server_R-1012579	2026-08-04	workday-full	Server	daveandbusters	added	Wilmington, NC
https://daveandbusters.wd1.myworkdayjobs.com/dave_and_busters_careers/job/Toledo-OH/Server_R-1012577	2026-08-04	workday-full	Server	daveandbusters	added	Toledo, OH
https://daveandbusters.wd1.myworkdayjobs.com/dave_and_busters_careers/job/Atlanta-GA/Server_R-1012576	2026-08-04	workday-full	Server	daveandbusters	added	Atlanta, GA
https://daveandbusters.wd1.myworkdayjobs.com/dave_and_busters_careers/job/Huntsville-AL/Server_R-1012601	2026-08-04	workday-full	Server	daveandbusters	added	Huntsville, AL
https://crowdstrike.wd5.myworkdayjobs.com/crowdstrikecareers/job/India---Bangalore/Backend-Engineer-III--Hybrid-_R28420	2026-08-04	workday-full	Backend Engineer III (Hybrid)	crowdstrike	added	India - Bangalore
https://crowdstrike.wd5.myworkdayjobs.com/crowdstrikecareers/job/India---Pune/Backend-Engineer-III---Cloud_R29135	2026-08-04	workday-full	Backend Engineer III - Cloud	crowdstrike	added	India - Pune
https://cornell.wd1.myworkdayjobs.com/cornellpositions/job/Ithaca-Main-Campus/Temporary-Taverna-Banfi-Restaurant-Server--The-Statler-Hotel_WDR-00054664	2026-08-04	workday-full	Temporary Taverna Banfi Restaurant Server, The Statler Hotel	cornell	added	Ithaca (Main Campus)
https://comcast.wd5.myworkdayjobs.com/comcast_careers/job/Netherlands---Rotterdam-Mariniersweg-151/Golang-Developer_R442114	2026-08-04	workday-full	Golang Engineer	comcast	added	Netherlands - Rotterdam, Mariniersweg 151
https://circlek.wd3.myworkdayjobs.com/circlekstorejobs/job/Store-2727009Q-Saraland-AL/Restaurant-Team-Member_R609611-1	2026-08-04	workday-full	Restaurant Team Member	circlek	added	Store 2727009Q Saraland AL
https://circlek.wd3.myworkdayjobs.com/circlekstorejobs/job/Store-2709336-Huntsville-AL/Restaurant-Store-Assistant_R609685-1	2026-08-04	workday-full	Restaurant Store Assistant	circlek	added	Store 2709336 Huntsville AL
https://circlek.wd3.myworkdayjobs.com/circlekstorejobs/job/Store-2724237Q-Jacksonville-FL/Restaurant-Team-Member_R609675-1	2026-08-04	workday-full	Restaurant Team Member	circlek	added	Store 2724237Q Jacksonville FL
https://circlek.wd3.myworkdayjobs.com/circlekstorejobs/job/Store-2744922Q-Plano-TX/Restaurant-Team-Member_R609749	2026-08-04	workday-full	Restaurant Team Member	circlek	added	Store 2744922Q Plano TX
https://chatham.wd12.myworkdayjobs.com/chathamuniversitystudent/job/Pittsburgh-PA/Fall---Spring-CWE-Graduate-Assistant-2027_JR00000770-1	2026-08-04	workday-full	Fall & Spring CWE Graduate Assistant 2027	chatham	added	Pittsburgh, PA
https://ccf.wd1.myworkdayjobs.com/clevelandcliniccareers/job/Hillcrest-Hospital/Advanced-Practice-Provider-PA--Family-NP-or-CNS--Pre-Anesthesia-Consultation-Clinic--Hillcrest-_345481	2026-08-04	workday-full	Advanced Practice Provider PA, Family NP or CNS)-Pre Anesthesia Consultation Clinic (Hillcrest)	ccf	added	Hillcrest Hospital
https://basspro.wd1.myworkdayjobs.com/careers/job/Springfield-MO-White-River-Conference-Center/Banquet-Server_R262125	2026-08-04	workday-full	Banquet Server	basspro	added	Springfield, MO (White River Conference Center)
https://barclays.wd3.myworkdayjobs.com/external_career_site_barclays/job/Pune-Gera-Commerzone-SEZ/Java-developer_JR-0000116914	2026-08-04	workday-full	Java developer	barclays	added	Pune, Gera Commerzone SEZ
https://barclays.wd3.myworkdayjobs.com/external_career_site_barclays/job/Pune-Gera-Commerzone-SEZ/Java-Engineer_JR-0000122009	2026-08-04	workday-full	Java Engineer	barclays	added	Pune, Gera Commerzone SEZ
https://barclays.wd3.myworkdayjobs.com/external_career_site_barclays/job/Pune-Gera-Commerzone-SEZ/Java-Full-Stack-Engineer_JR-0000119398	2026-08-04	workday-full	Java Full Stack Engineer	barclays	added	Pune, Gera Commerzone SEZ
https://barclays.wd3.myworkdayjobs.com/external_career_site_barclays/job/Pune-Gera-Commerzone-SEZ/Java-Developer_JR-0000119428-1	2026-08-04	workday-full	Java Developer	barclays	added	Pune, Gera Commerzone SEZ
https://barclays.wd3.myworkdayjobs.com/external_career_site_barclays/job/Pune-Gera-Commerzone-SEZ/Java-Full-Stack-Engineer_JR-0000119403	2026-08-04	workday-full	Java Full Stack Engineer	barclays	added	Pune, Gera Commerzone SEZ
https://barclays.wd3.myworkdayjobs.com/external_career_site_barclays/job/Gemini-Building-A-Prague/Core-Engineering-Python-Quant-Developer_JR-0000082925-1	2026-08-04	workday-full	Core Engineering Python Quant Developer	barclays	added	Gemini Building A, Prague
https://barclays.wd3.myworkdayjobs.com/external_career_site_barclays/job/Pune-Gera-Commerzone-SEZ/Java-Full-Stack-Engineer_JR-0000119400	2026-08-04	workday-full	Java Full Stack Engineer	barclays	added	Pune, Gera Commerzone SEZ
https://babelgroup.wd103.myworkdayjobs.com/rec_external_career_site/job/CIUDAD-DE-PANAM/Desarrollador-Fullstack--COBIS-_JR108609	2026-08-04	workday-full	Desarrollador Backend (COBIS)	babelgroup	added	
https://axalta.wd1.myworkdayjobs.com/axalta/job/BR-MT-Remote/Promotor-Tcnico-Comercial---Cuiab-MT--Goinia-GO--Braslia-DF_2026-18966	2026-08-04	workday-full	Promotor Técnico Comercial - Cuiabá/MT, Goiânia/GO, Brasília/DF	axalta	added	BR-MT-Remote
https://atriumhospitality.wd5.myworkdayjobs.com/atriumhospitality/job/Greenville-SC/Restaurant-Associate_R49484-1	2026-08-04	workday-full	Restaurant Associate	atriumhospitality	added	Greenville, SC
https://atriumhospitality.wd5.myworkdayjobs.com/atriumhospitality/job/Springfield-MO/Restaurant-Server_R49487	2026-08-04	workday-full	Restaurant Server	atriumhospitality	added	Springfield, MO
https://atriumhospitality.wd5.myworkdayjobs.com/atriumhospitality/job/Branson-MO/Pool-Server--Seasonal-_R49481	2026-08-04	workday-full	Pool Server (Seasonal)	atriumhospitality	added	Branson, MO
https://asmglobal.wd1.myworkdayjobs.com/careers/job/Richmond-VA/Banquet-Server_R100124333-1	2026-08-04	workday-full	Banquet Server	asmglobal	added	Richmond, VA
https://asmglobal.wd1.myworkdayjobs.com/careers/job/Save-Mart-Center-Fresno-CA/Banquet-Server_R100123838	2026-08-04	workday-full	Banquet Server	asmglobal	added	Save Mart Center Fresno, CA
https://arcis.wd12.myworkdayjobs.com/extna/job/Superstition-Springs-Golf-Club---Mesa-AZ/server_R16348-1	2026-08-04	workday-full	server	arcis	added	Superstition Springs Golf Club - Mesa, AZ
https://arcis.wd12.myworkdayjobs.com/extna/job/Broad-Bay-Country-Club---Virginia-Beach-VA/Server-9_R16358	2026-08-04	workday-full	Server-9	arcis	added	Broad Bay Country Club - Virginia Beach, VA
https://aquaamerica.wd5.myworkdayjobs.com/essential_careers/job/PA-MCKEESPORT/Restoration-Supervisor_R6285	2026-08-04	workday-full	Restoration Supervisor	aquaamerica	added	PA MCKEESPORT
https://anaheimducks.wd5.myworkdayjobs.com/allco/job/Anaheim/Server-Assistant_R-2026-273-1	2026-08-04	workday-full	Server Assistant	anaheimducks	added	Anaheim
https://amerivet.wd5.myworkdayjobs.com/amerivet/job/AMCSH---Spring-Hill-FL/Veterinarian---Spring-Hill--FL_JR108766	2026-08-04	workday-full	Veterinarian - Spring Hill, FL	amerivet	added	AMCSH - Spring Hill, FL
https://accenture.wd103.myworkdayjobs.com/accenturecareers/job/Vilnius/Senior-Java-Developer_R00286352	2026-08-04	workday-full	Java Developer	accenture	added	
https://accenture.wd103.myworkdayjobs.com/accenturecareers/job/Paraba---Campina-Grande/Desenvolvedor-a--Back-end---Pleno--Snior-e-Especialista_R00336547	2026-08-04	workday-full	Desenvolvedor(a) Backend Pleno, Sênior e Especialista	accenture	added	
https://accenture.wd103.myworkdayjobs.com/accenturecareers/job/Charlotte-1120-S-Tryon-St-Corp/Python-Developer---6428944_14616936	2026-08-04	workday-full	Python Developer - 6428944	accenture	added	
https://accenture.wd103.myworkdayjobs.com/accenturecareers/job/Charlotte-1120-S-Tryon-St-Corp/Python-Developer---6428945_14616929	2026-08-04	workday-full	Python Developer - 6428945	accenture	added	
https://accenture.wd103.myworkdayjobs.com/accenturecareers/job/TX---Dallas/Java-Backend-Developer---6431802_14621485	2026-08-04	workday-full	Java Backend Developer - 6431802	accenture	added	
https://adobe.wd5.myworkdayjobs.com/external_experienced/job/Bangalore/Technical-Architect--Python---AI-_R167029	2026-08-04	workday-full	Technical Architect (Python + AI)	adobe	added	2 Locations
https://adobe.wd5.myworkdayjobs.com/external_experienced/job/Bangalore/Computer-Scientist---Python--_R170855-1	2026-08-04	workday-full	Computer Scientist ( Python )	adobe	added	Bangalore
https://acrt.wd1.myworkdayjobs.com/acrt_careers/job/Middletown-NY/Consulting-Utility-Forester---Middletown--NY_R9227	2026-08-04	workday-full	Consulting Utility Forester | Middletown, NY	acrt	added	Middletown, NY
https://2020companies.wd1.myworkdayjobs.com/external_careers/job/Abita-Springs-LA/Brand-Ambassador--FT----Market---JTRET---LA---Abita-Springs_REQ_109742	2026-08-04	workday-full	Brand Ambassador (FT) / Market - JTRET - LA - Abita Springs	2020companies	added	Abita Springs, LA
https://jobs.ashbyhq.com/industrious/346aa877-e40a-4941-82e6-a4f9bb40138a	2026-08-04	ashby-full	Member Experience Associate (Part-Time) - Reston	industrious	added	Reston - 12110 Sunset Hills Rd (Indy Reston Town Center)
https://job-boards.greenhouse.io/seafireresortltd/jobs/5202379007	2026-08-04	greenhouse-full	Server Assistant	seafireresortltd	added	Seafire Resort & Spa
https://jobs.ashbyhq.com/tensec/4e0124e0-b7d9-4710-afe0-8addb62a0865	2026-08-04	ashby-full	Go-to-Market Engineer	tensec	added	Palo Alto · Miami · United States
https://jobs.ashbyhq.com/dandelion/d39860e9-af68-4460-9e61-15fa67fb8119	2026-08-04	ashby-full	General Interest Application	dandelion	added	Washington, DC · Boston, MA · Somerville · United States
https://job-boards.greenhouse.io/seafireresortltd/jobs/5202359007	2026-08-04	greenhouse-full	Server	seafireresortltd	added	Seafire Resort & Spa
https://job-boards.greenhouse.io/horacemannagents/jobs/6133801004	2026-08-04	greenhouse-full	Insurance Agent - Colorado Springs, CO	horacemannagents	added	Colorado Springs, CO
https://job-boards.greenhouse.io/horacemannagents/jobs/6133742004	2026-08-04	greenhouse-full	Insurance Agent - Rock Springs, WY	horacemannagents	added	Rock Springs, WY
https://job-boards.greenhouse.io/digrestaurants/jobs/8103951	2026-08-04	greenhouse-full	NoHo Restaurant Team	digrestaurants	added	New York City, New York
https://job-boards.greenhouse.io/digrestaurants/jobs/8103880	2026-08-04	greenhouse-full	52nd & Lex Restaurant Team	digrestaurants	added	New York, New York
https://job-boards.greenhouse.io/digrestaurants/jobs/8103863	2026-08-04	greenhouse-full	Pine Street Restaurant Team	digrestaurants	added	New York City, New York
https://job-boards.greenhouse.io/horacemannagents/jobs/6133605004	2026-08-04	greenhouse-full	Insurance Producer - Springfield, CO	horacemannagents	added	Springfield, CO
https://job-boards.greenhouse.io/horacemannagents/jobs/6133575004	2026-08-04	greenhouse-full	Insurance Producer - Pagosa Springs, CO	horacemannagents	added	Pagosa Springs, CO
https://www.proofserve.com/careers/4720830005?gh_jid=4720830005	2026-08-04	greenhouse-full	Server Acquisition Specialist (Southfield, MI)	proof	added	Southfield, MI
https://jobs.lever.co/bfsaulhotels/5e6e24dc-a1b3-4a19-86c2-cf553058373f	2026-08-04	lever-full	Breakfast Attendant - SpringHill Suites Boca Raton	bfsaulhotels	added	Boca Raton, Florida
https://jobs.lever.co/bfsaulhotels/367cc48d-df2e-4e67-9f59-1f76c3328d65	2026-08-04	lever-full	Front Desk Agent (Mixed Shifts) - SpringHill Suites Boca Raton! Weekly Pay!!!	bfsaulhotels	added	Boca Raton, Florida
https://jobs.ashbyhq.com/skelar/f09d6e14-22dd-4004-bf89-37ac84071ea7	2026-08-04	ashby-full	Backend Engineer - Duomo	skelar	added	Kyiv, Lviv, Warsaw
https://jobs.ashbyhq.com/reonic/e7871924-5f83-4793-91f8-6a32ad07646c	2026-08-04	ashby-full	Go-to-Market AI & Data (AI x Greentech) (m/f/d)	reonic	added	Berlin · Augsburg · Germany
https://job-boards.greenhouse.io/gitlab/jobs/8644569002	2026-08-04	greenhouse-full	Intermediate Backend Engineer, Platform Readiness	gitlab	added	Remote, Canada; Remote, United States
https://jobs.lever.co/impossiblecloud/9935d16b-0c21-4052-9cf2-8698ba1b0084	2026-08-04	lever-full	Go to Market Engineer / RevOps Engineer	impossiblecloud	added	Hamburg
https://jobs.ashbyhq.com/jobs-page-4dc2685b-eb82-46d1-a3f9-1f0764dba814/44e59c3d-29ce-426b-b904-c0975c4bbcad	2026-08-04	ashby-full	Corporate Counsel @ Human Interest	jobs-page-4dc2685b-eb82-46d1-a3f9-1f0764dba814	added	Remote
https://job-boards.greenhouse.io/conga/jobs/5136099007	2026-08-04	greenhouse-full	VP, Go to Market APAC	conga	added	Australia
https://jobs.ashbyhq.com/pennylane/11f6fe4a-63f3-4e56-bc78-0a31a246d713	2026-08-04	ashby-full	Backend Engineer - Ruby on Rails 🇪🇺	pennylane	added	All France (remote) · Europe
https://job-boards.greenhouse.io/bitgo/jobs/8644530002	2026-08-04	greenhouse-full	Backend Engineer E2 - Ecosystem	bitgo	added	India
https://jobs.lever.co/dijital-team-pty-ltd/0990f008-085f-46a7-a60a-018b1cbb4086	2026-08-04	lever-full	Windows Server Engineer	dijital-team-pty-ltd	added	Colombo
https://whataburger.wd5.myworkdayjobs.com/wab_careers/job/5401-Fm-1626-Ste-500-Kyle-TX-78640-6064/Restaurant-Team-Member--Day-Shift---Unit---947_JR10004565	2026-08-04	workday-full	Restaurant Team Member, Day Shift - Unit 947	whataburger	added	5401 Fm 1626 Ste 500 Kyle TX 78640-6064
https://whataburger.wd5.myworkdayjobs.com/wab_careers/job/12935-Albemarle-Rd-Charlotte-NC-28227/Restaurant-Team-Member--Overnight-Shift---Unit-1463_JR10010163	2026-08-04	workday-full	Restaurant Team Member, Overnight Shift - Unit 1463	whataburger	added	12935 Albemarle Rd Charlotte NC 28227
https://whataburger.wd5.myworkdayjobs.com/wab_careers/job/1501-S-Interstate-35-Round-Rock-TX-78664-6650/Restaurant-Team-Member--Evening-Shift---Unit-528_JR10003768	2026-08-04	workday-full	Restaurant Team Member, Evening Shift - Unit 528	whataburger	added	1501 S Interstate 35 Round Rock TX 78664-6650
https://sbcos.wd1.myworkdayjobs.com/sbcos2/job/Doubletree---San-Francisco-Airport/Restaurant-Server_R0031970	2026-08-04	workday-full	Restaurant Server	sbcos	added	Doubletree - San Francisco Airport
https://rbc.wd3.myworkdayjobs.com/rbcglobal1/job/RBC-WATERPARK-PLACE-88-QUEENS-QUAY-WTORONTO/Specialist-Java-Backend-Developer_R-0000174621	2026-08-04	workday-full	Specialist Java Backend Developer	rbc	added	2 Locations
https://pinehurstcountryclub.wd108.myworkdayjobs.com/pinehurstcareers/job/Denver-CO/Server-Bartender_JR1126	2026-08-04	workday-full	Server/Bartender	pinehurstcountryclub	added	Denver, CO
https://pgatour.wd5.myworkdayjobs.com/tpcexternal/job/San-Francisco-CA/Banquet-Server--Part-Time-_R015151	2026-08-04	workday-full	Banquet Server (Part-Time)	pgatour	added	San Francisco, CA
https://freemanhealth.wd1.myworkdayjobs.com/jointeamfreeman/job/Freeman-Springdale-Hospital/RN---Out-Patient-PreOp--MOB-Surgery-Center---Freeman-Springdale---Part-Time---Day-Shift_JR111907	2026-08-04	workday-full	RN - Out-Patient/PreOp| MOB Surgery Center | Freeman Springdale | Part-Time | Day Shift	freemanhealth	added	Freeman Springdale Hospital
https://atriumhospitality.wd5.myworkdayjobs.com/atriumhospitality/job/Fort-Collins-CO/Restaurant-Server_R49468-1	2026-08-04	workday-full	Restaurant Server	atriumhospitality	added	Fort Collins, CO
https://atriumhospitality.wd5.myworkdayjobs.com/atriumhospitality/job/Fort-Collins-CO/Banquet-Server_R49467	2026-08-04	workday-full	Banquet Server	atriumhospitality	added	Fort Collins, CO
https://arcis.wd12.myworkdayjobs.com/extna/job/Eagle-Brook-Country-Club---Geneva-IL/Banquet-Server_R16316	2026-08-04	workday-full	Banquet Server	arcis	added	Eagle Brook Country Club - Geneva, IL
https://aah.wd5.myworkdayjobs.com/external/job/Atrium-Health-Wake-Forest-Baptist---Medical-Center-Blvd-Winston-Salem-NC/CRNA-Outpatient_R190106	2026-08-04	workday-full	CRNA Outpatient - Wake Forest Baptist Medical Center	aah	added	Atrium Health Wake Forest Baptist - Medical Center Blvd, Winston Salem, NC
https://jobs.ashbyhq.com/mirage/d5b5193e-90e8-4d10-8e01-e8fdd7dad6e1	2026-08-04	ashby-full	Software Engineer, Backend	mirage	added	Union Square, New York City
https://jobs.ashbyhq.com/myriad-ai/f6ee6c6b-337b-4d6b-8f0c-145fdf01a32b	2026-08-04	ashby-full	Backend Engineer (CZ)	myriad-ai	added	Prague
https://whataburger.wd5.myworkdayjobs.com/wab_careers/job/2501-Gateway-Dr-Opelika-AL-36801-6882/Restaurant-Team-Member--Day-Shift---Unit---1192_JR10004528	2026-08-04	workday-full	Restaurant Team Member, Day Shift - Unit 1192	whataburger	added	2501 Gateway Dr Opelika AL 36801-6882
https://whataburger.wd5.myworkdayjobs.com/wab_careers/job/15255-Montfort-Rd-Dallas-TX-75248-6457/Restaurant-Team-Member--Overnight-Shift---Unit---1024_JR10002611	2026-08-04	workday-full	Restaurant Team Member, Overnight Shift - Unit 1024	whataburger	added	15255 Montfort Rd Dallas, TX 75248-6457
https://whataburger.wd5.myworkdayjobs.com/wab_careers/job/15255-Montfort-Rd-Dallas-TX-75248-6457/Restaurant--Porter---Unit---1024_JR10001786	2026-08-04	workday-full	Restaurant Porter - Unit 1024	whataburger	added	15255 Montfort Rd Dallas, TX 75248-6457
https://whataburger.wd5.myworkdayjobs.com/wab_careers/job/5480-Pensacola-Blvd-Pensacola-FL-32505-2520/Restaurant-Team-Member--Evening-Shift---Unit-21_JR10003620	2026-08-04	workday-full	Restaurant Team Member, Evening Shift - Unit 21	whataburger	added	5480 Pensacola Blvd Pensacola FL 32505-2520
https://tysonfoods.wd5.myworkdayjobs.com/tsn/job/Forest-MS-Complex---Forest-Mississippi/Chiller-Rehanger-Labor-PR03U--1st-shift-Team-Phyllis--1---Forest--MS_R0476735-1	2026-08-04	workday-full	Chiller Rehanger Labor PR03U, 1st shift Team Phyllis (1), Forest, MS	tysonfoods	added	Forest, MS Complex - Forest, Mississippi
https://tysonfoods.wd5.myworkdayjobs.com/tsn/job/Forest-MS-Complex---Forest-Mississippi/Chiller-Rehanger-Labor-PR03U--1st-shift-Team-Phyllis-Forest--MS_R0476293	2026-08-04	workday-full	Chiller Rehanger Labor PR03U, 1st shift Team Phyllis Forest, MS	tysonfoods	added	Forest, MS Complex - Forest, Mississippi
https://tysonfoods.wd5.myworkdayjobs.com/tsn/job/Green-Forest-Par-Fry-Plant---Green-Forest-Arkansas/General-Labor-AUGUST-Green-Forest-Par-Fry_R0476135-1	2026-08-04	workday-full	General Labor AUGUST Green Forest Par-Fry	tysonfoods	added	Green Forest Par-Fry Plant - Green Forest, Arkansas
https://tysonfoods.wd5.myworkdayjobs.com/tsn/job/Green-Forest-Plant---Green-Forest-Arkansas/General-Labor-Green-Forest-Plant-1_R0476126-1	2026-08-04	workday-full	General Labor Green Forest Plant 1	tysonfoods	added	Green Forest Plant - Green Forest, Arkansas
https://tysonfoods.wd5.myworkdayjobs.com/tsn5/job/Forest-MS-Complex---Forest-Mississippi/Chiller-Rehanger-Labor-PR03U--1st-shift-Team-Phyllis--1---Forest--MS_R0476735	2026-08-04	workday-full	Chiller Rehanger Labor PR03U, 1st shift Team Phyllis (1), Forest, MS	tysonfoods	added	Forest, MS Complex - Forest, Mississippi
https://tysonfoods.wd5.myworkdayjobs.com/tsn5/job/Forest-MS-Complex---Forest-Mississippi/Chiller-Rehanger-Labor-PR03U--1st-shift-Team-Phyllis-Forest--MS_R0476293-1	2026-08-04	workday-full	Chiller Rehanger Labor PR03U, 1st shift Team Phyllis Forest, MS	tysonfoods	added	Forest, MS Complex - Forest, Mississippi
https://tysonfoods.wd5.myworkdayjobs.com/tsn5/job/Green-Forest-Par-Fry-Plant---Green-Forest-Arkansas/General-Labor-AUGUST-Green-Forest-Par-Fry_R0476135	2026-08-04	workday-full	General Labor AUGUST Green Forest Par-Fry	tysonfoods	added	Green Forest Par-Fry Plant - Green Forest, Arkansas
https://tysonfoods.wd5.myworkdayjobs.com/tsn5/job/Green-Forest-Plant---Green-Forest-Arkansas/General-Labor-Green-Forest-Plant-1_R0476126	2026-08-04	workday-full	General Labor Green Forest Plant 1	tysonfoods	added	Green Forest Plant - Green Forest, Arkansas
https://topgolf.wd501.myworkdayjobs.com/topgolfcareers/job/Hunstville-Alabama/Server---Experience-Required_JR2023-17411-1	2026-08-04	workday-full	Server - Experience Required	topgolf	added	Hunstville, Alabama
https://revera.wd3.myworkdayjobs.com/talemetry_external/job/Parkwood-Manor---1142-Dufferin-Street-Coquitlam-BC-V3B-6V4/Server--Casual-_R14824	2026-08-04	workday-full	Server (Casual)	revera	added	Parkwood Manor - 1142 Dufferin Street, Coquitlam, BC V3B 6V4
https://livenation.wd503.myworkdayjobs.com/lnexternalsite/job/Waukee-IA-USA/VIP-Server---Vibrant-Music-Hall_JR-74350-1	2026-08-04	workday-full	VIP Server - Vibrant Music Hall	livenation	added	Waukee, IA, USA
https://fogo.wd5.myworkdayjobs.com/fogo/job/Austin-TX/Server_R28002-1	2026-08-04	workday-full	Server	fogo	added	
https://circlek.wd3.myworkdayjobs.com/circlekstorejobs/job/Store-2724258Q-Magee-MS/Restaurant-Team-Member_R609510-1	2026-08-04	workday-full	Restaurant Team Member	circlek	added	Store 2724258Q Magee MS
https://arcis.wd12.myworkdayjobs.com/extna/job/The-Pinery-Country-Club---Parker-CO/server_R16272	2026-08-04	workday-full	server	arcis	added	The Pinery Country Club - Parker, CO
https://alterra.wd1.myworkdayjobs.com/crystalmountain/job/Enumclaw-WA/Server--Winter-26-27_JR132947	2026-08-04	workday-full	Server, Winter 26/27	alterra	added	Enumclaw, WA
https://jobs.ashbyhq.com/openai/a6ab3111-7092-4da2-a7a6-71e01351bfda	2026-08-04	ashby-full	Software Engineer, API Agents	openai	added	San Francisco
https://wsc.wd1.myworkdayjobs.com/eoc/job/Murfreesboro-Tennessee/Consulting-Utility-Forester---Murfreesboro--TN_JR124323	2026-08-04	workday-full	Consulting Utility Forester | Murfreesboro, TN	wsc	added	Murfreesboro, Tennessee
https://whataburger.wd5.myworkdayjobs.com/wab_careers/job/1621-Beltline-Rd-Sw-Decatur-AL-35601-5507/Restaurant-Team-Member--Day-Shift---Unit---1184_JR10004516	2026-08-04	workday-full	Restaurant Team Member, Day Shift - Unit 1184	whataburger	added	1621 Beltline Rd Sw Decatur AL 35601-5507
https://whataburger.wd5.myworkdayjobs.com/wab_careers/job/6970-Eastchase-Loop-Montgomery-AL-36117-6875/Restaurant-Team-Member--Weekend-Shift---Unit-1186_JR10000398	2026-08-04	workday-full	Restaurant Team Member, Weekend Shift - Unit 1186	whataburger	added	6970 Eastchase Loop Montgomery AL 36117-6875
https://whataburger.wd5.myworkdayjobs.com/wab_careers/job/11250-Us-Highway-380-Crossroads-TX-76227-8241/Restaurant--Porter---Unit-1054_JR10001806	2026-08-04	workday-full	Restaurant Porter - Unit 1054	whataburger	added	11250 Us Highway 380 Crossroads TX 76227-8241
https://whataburger.wd5.myworkdayjobs.com/wab_careers/job/2600-Hemphill-St-Fort-Worth-TX-76110-3207/Restaurant-Maintenance-Technician---Multi-City--Market-1210-_JR10013932-1	2026-08-04	workday-full	Restaurant Maintenance Technician - Multi-City (Market 1210)	whataburger	added	2600 Hemphill St Fort Worth TX 76110-3207
https://whataburger.wd5.myworkdayjobs.com/wab_careers/job/6301-W-Parmer-Ln-Bldg-3-Austin-TX-78729-6801/Restaurant-Maintenance-Technician---Multi-City--Market-1609-_JR10013928	2026-08-04	workday-full	Restaurant Maintenance Technician - Multi-City (Market 1609)	whataburger	added	6301 W Parmer Ln Bldg 3 Austin TX 78729-6801
https://whataburger.wd5.myworkdayjobs.com/wab_careers/job/820-Skyland-Blvd-Tuscaloosa-AL-35405-3905/Restaurant-Team-Member--Day-Shift---Unit---1118_JR10004514	2026-08-04	workday-full	Restaurant Team Member, Day Shift - Unit 1118	whataburger	added	820 Skyland Blvd Tuscaloosa AL 35405-3905
https://virtua.wd1.myworkdayjobs.com/virtua_health_external_career_site/job/Burlington-Hospital---218-A-Sunset-Rd/ED-Observer--part-time-7p-7a_R1057640	2026-08-04	workday-full	ED Observer, part time 7p-7a	virtua	added	Burlington Hospital - 218 A Sunset Rd
https://veteransunited.wd1.myworkdayjobs.com/vuhl/job/Springfield-MO/Loan-Specialist---Springfield--MO_R6089-1	2026-08-04	workday-full	Loan Specialist - Springfield, MO	veteransunited	added	Springfield, MO
https://tysonfoods.wd5.myworkdayjobs.com/tsn/job/Corporate---Springdale-Arkansas/Coordinator-Bid--Corporate--Springdale--AR-_R0476606-1	2026-08-04	workday-full	Coordinator Bid │Corporate (Springdale, AR)	tysonfoods	added	Corporate - Springdale, Arkansas
https://tysonfoods.wd5.myworkdayjobs.com/tsn/job/Corporate---Springdale-Arkansas/Maintenance-Generalist--2ND-Shift----Pilot-Plant--Springdale-AR-_R0473718-1	2026-08-04	workday-full	Maintenance Generalist (2ND Shift) - Pilot Plant (Springdale AR)	tysonfoods	added	Corporate - Springdale, Arkansas
https://tysonfoods.wd5.myworkdayjobs.com/tsn/job/RVI-Forest---Forest-Mississippi/Maintenance-Generalist-MG01-MG08--A-Shift--Days--RVI-Forest--MS_R0472079-1	2026-08-04	workday-full	Maintenance Generalist MG01-MG08, A-Shift (Days) RVI-Forest, MS	tysonfoods	added	RVI-Forest - Forest, Mississippi
https://tysonfoods.wd5.myworkdayjobs.com/tsn5/job/RVI-Forest---Forest-Mississippi/Maintenance-Generalist-MG01-MG08--A-Shift--Days--RVI-Forest--MS_R0472079	2026-08-04	workday-full	Maintenance Generalist MG01-MG08, A-Shift (Days) RVI-Forest, MS	tysonfoods	added	RVI-Forest - Forest, Mississippi
https://trekbikes.wd1.myworkdayjobs.com/trek/job/Dallas-Texas/Service-Technician_Trek115134	2026-08-04	workday-full	Service Technician - General Interest: Dallas/Fort Worth Area	trekbikes	added	6 Locations
https://td.wd3.myworkdayjobs.com/td_bank_careers/job/New-York-New-York/Equity-Research-Associate---Consumer-Restaurants_R_1502983	2026-08-04	workday-full	Equity Research Associate - Consumer Restaurants	td	added	New York, New York
https://synechron.wd1.myworkdayjobs.com/synechroncareers/job/Chennai---Taramani-Ascendas/Python_JR1042478-1	2026-08-04	workday-full	Python	synechron	added	2 Locations
https://synechron.wd1.myworkdayjobs.com/synechroncareers/job/Bengaluru---EC-2-Gateway-campus/VisionPLUS-Tester---CMS--API---Automation_JR1042446	2026-08-04	workday-full	VisionPLUS Tester | CMS, API & Automation	synechron	added	Bengaluru - EC-2 Gateway campus
https://ssctech.wd1.myworkdayjobs.com/ssctechnologies/job/Bucharest-Romania/XMLNAME-NET-Backend-Developer---PA26Q3FSDJH95_R45430	2026-08-04	workday-full	.NET Backend Developer - PA26Q3FSDJH95	ssctech	added	Bucharest, Romania
https://snapchat.wd1.myworkdayjobs.com/referral19/job/Bellevue-Washington/Software-Engineer--Backend--Level-3_R0046277-1	2026-08-04	workday-full	Software Engineer, Backend, Level 3	snapchat	added	3 Locations
https://sluhn.wd1.myworkdayjobs.com/sluhn/job/Bethlehem-PA---801-Ostrum-St/Food-Service-Aide--Grab---Go-Production-Associate---Full-Time--Days--Bethlehem-Campus-_R138382-1	2026-08-04	workday-full	Food Service Aide, Grab & Go Production Associate - Full Time, Days (Bethlehem Campus)	sluhn	added	Bethlehem, PA - 801 Ostrum St
https://shakeshack.wd5.myworkdayjobs.com/external/job/Del-Amo-Fashion-Center-3525-W-Carson-St-Space-VC-08-Torrance-CA-90503/Restaurant-Team-Member_JR7206	2026-08-04	workday-full	Restaurant Team Member	shakeshack	added	Del Amo Fashion Center, 3525 W Carson St Space VC 08, Torrance, CA 90503
https://shakeshack.wd5.myworkdayjobs.com/external/job/West-Village-225-Varick-Street-New-York-NY-10014/Restaurant-Team-Member_JR10057	2026-08-04	workday-full	Restaurant Team Member	shakeshack	added	West Village, 225 Varick Street, New York, NY 10014
https://shakeshack.wd5.myworkdayjobs.com/external/job/Hillsdale-33-Hillsdale-Mall-San-Mateo-CA-94403/Restaurant-Team-Member_JR6369-1	2026-08-04	workday-full	Restaurant Team Member	shakeshack	added	Hillsdale, 33 Hillsdale Mall, San Mateo, CA 94403
https://shakeshack.wd5.myworkdayjobs.com/external/job/Perimeter-Mall-Space-3025-Perimeter-Mall-4400-Ashford-Dunwoody-Rd-Atlanta-GA-30346/Restaurant-Team-Member_JR1155-1	2026-08-04	workday-full	Restaurant Team Member	shakeshack	added	Perimeter Mall, Space #3025 Perimeter Mall 4400 Ashford Dunwoody Rd., Atlanta, GA 30346
https://shakeshack.wd5.myworkdayjobs.com/external/job/Craig-Road-1830-W-Craig-Rd-Nevada-89031/Restaurant-Team-Member_JR4344	2026-08-04	workday-full	Restaurant Team Member	shakeshack	added	Craig Road, 1830 W Craig Rd, Nevada 89031
https://shakeshack.wd5.myworkdayjobs.com/external/job/Henrietta-911-Jefferson-Road-New-York-14623/Restaurant-Team-Member_JR6977	2026-08-04	workday-full	Restaurant Team Member	shakeshack	added	Henrietta, 911 Jefferson Road, New York 14623
https://shakeshack.wd5.myworkdayjobs.com/external/job/The-Domain-11228-Domain-Drive-Austin-TX-78759/Restaurant-Team-Member_JR6982-1	2026-08-04	workday-full	Restaurant Team Member	shakeshack	added	The Domain, 11228 Domain Drive, Austin, TX 78759
https://sggovterp.wd102.myworkdayjobs.com/publicservicecareers/job/Singapore/School-of-Hospitality---Lecturer--Diploma-in-Restaurant---Culinary-Operations-_JR-10000004210	2026-08-04	workday-full	School of Hospitality - Lecturer (Restaurant and Culinary Management)	sggovterp	added	Singapore
https://shhotelsandresorts.wd12.myworkdayjobs.com/shg/job/Treehouse-Manchester/Server_JR105298-2	2026-08-04	workday-full	Server	shhotelsandresorts	added	Treehouse Manchester
https://shakeshack.wd5.myworkdayjobs.com/external/job/Novi-43335-Crescent-Blvd-Novi-MI-48375/Restaurant-Team-Member----1700---hour_JR8212	2026-08-04	workday-full	Restaurant Team Member	shakeshack	added	Novi, 43335 Crescent Blvd, Novi, MI 48375
https://shakeshack.wd5.myworkdayjobs.com/external/job/Derby-Street-Shoppes-100-Derby-Street-Suite-505-Hingham-MA-02043/Restaurant-Team-Member_HB344726-3	2026-08-04	workday-full	Restaurant Team Member	shakeshack	added	Derby Street Shoppes, 100 Derby Street Suite 505, Hingham, MA 02043
https://shakeshack.wd5.myworkdayjobs.com/external/job/Chestnut-Hill-49-Boylston-Street-Chestnut-Hill-MA-02467/Restaurant-Team-Member_HB344739-3	2026-08-04	workday-full	Restaurant Team Member	shakeshack	added	Chestnut Hill, 49 Boylston Street, Chestnut Hill, MA 02467
https://shakeshack.wd5.myworkdayjobs.com/external/job/Montgomeryville-28-Airport-Square-North-Wales-PA-19454/Restaurant-Team-Member_JR2769	2026-08-04	workday-full	Restaurant Team Member	shakeshack	added	Montgomeryville, 28 Airport Square, North Wales, PA 19454
https://shakeshack.wd5.myworkdayjobs.com/external/job/NorthPark-Center-8687-N-Central-Expwy-Suite-2400-Dallas-TX-75225/Restaurant-Team-Member_JR6323	2026-08-04	workday-full	Restaurant Team Member	shakeshack	added	NorthPark Center, 8687 N. Central Expwy. Suite #2400, Dallas, TX 75225
https://shakeshack.wd5.myworkdayjobs.com/external/job/Woodbury-Commons-199-Niagara-Ln-Central-Valley-NY-10917/Restaurant-Team-Member_JR7672	2026-08-04	workday-full	Restaurant Team Member	shakeshack	added	Woodbury Commons, 199 Niagara Ln, Central Valley, NY 10917
https://shakeshack.wd5.myworkdayjobs.com/external/job/The-Boulevard-1531-Niagara-Falls-BlvdSuite-300-New-York-14228/Restaurant-Team-Member_JR9099	2026-08-04	workday-full	Restaurant Team Member	shakeshack	added	The Boulevard, 1531 Niagara Falls BlvdSuite 300, New York 14228
https://shakeshack.wd5.myworkdayjobs.com/external/job/Foothill-Village-1314-Foothill-Dr-Salt-Lake-City-UT-84108/Restaurant-Team-Member_JR9363	2026-08-04	workday-full	Restaurant Team Member	shakeshack	added	Foothill Village, 1314 Foothill Dr, Salt Lake City, UT 84108
https://shakeshack.wd5.myworkdayjobs.com/external/job/Kirkland-300-Peter-Kirk-Lane-Kirkland-WA-98033/Restaurant-Team-Member_HB345105-3	2026-08-04	workday-full	Restaurant Team Member	shakeshack	added	Kirkland, 300 Peter Kirk Lane, Kirkland, WA 98033
https://shakeshack.wd5.myworkdayjobs.com/external/job/110-Albany-Turnpike-Suite-300-Canton-CT-06019/Restaurant-Team-Member_JR12655	2026-08-04	workday-full	Restaurant Team Member	shakeshack	added	110 Albany Turnpike Suite 300 Canton, CT 06019
https://senecacasinos.wd12.myworkdayjobs.com/sgc/job/Buffalo-NY/The-Creek--Restaurant-Server---PT_JR103703	2026-08-04	workday-full	The Creek, Restaurant Server - PT	senecacasinos	added	Buffalo, NY
https://sbcos.wd1.myworkdayjobs.com/sbcos2/job/Doubletree---Denver-Tech-Center/Restaurant-Supervisor_R0032453	2026-08-04	workday-full	Restaurant Supervisor	sbcos	added	Doubletree - Denver Tech Center
https://sbcos.wd1.myworkdayjobs.com/sbcos2/job/Courtyard---Morgantown/Restaurant-Server_R0029015	2026-08-04	workday-full	Restaurant Server - Courtyard Morgantown	sbcos	added	Courtyard - Morgantown
https://sbcos.wd1.myworkdayjobs.com/sbcos2/job/Marriott---Morgantown/Restaurant-Supervisor---Morgantown-Marriott_R0031774-1	2026-08-04	workday-full	Restaurant Supervisor - Morgantown Marriott	sbcos	added	Marriott - Morgantown
https://sbcos.wd1.myworkdayjobs.com/sbcos2/job/Marriott---Morgantown/Restaurant-Host_R0026266	2026-08-04	workday-full	Restaurant Host - Morgantown Marriott	sbcos	added	Marriott - Morgantown
https://sbcos.wd1.myworkdayjobs.com/sbcos2/job/Marriott---Morgantown/Restaurant-Server_R0025685	2026-08-04	workday-full	Restaurant Server - Morgantown Marriott	sbcos	added	Marriott - Morgantown
https://sanford.wd5.myworkdayjobs.com/sanfordhealth/job/SD-Sioux-Falls/Constant-Observer---CO---Surgical-Trauma---FT-Rotating_R-0269803	2026-08-04	workday-full	Constant Observer - CO - Surgical Trauma - FT Rotating	sanford	added	SD, Sioux Falls
https://salvationarmy.wd3.myworkdayjobs.com/broadbean_external/job/Preston-VIC-Australia/Employment-Consultant--Preston_R60124	2026-08-04	workday-full	Employment Consultant- Preston	salvationarmy	added	Permanent | Preston, VIC, Australia | Employment Plus
https://salvationarmy.wd3.myworkdayjobs.com/salvos/job/Preston-VIC-Australia/Employment-Consultant--Preston_R60124-1	2026-08-04	workday-full	Employment Consultant- Preston	salvationarmy	added	Permanent | Preston, VIC, Australia | Employment Plus
https://salesforce.wd12.myworkdayjobs.com/external_career_site/job/California---Redwood-City/Software-Engineering---Backend----MTS_JR340716	2026-08-04	workday-full	Software Engineer (Backend) - MTS	salesforce	added	California - Redwood City
https://revera.wd3.myworkdayjobs.com/talemetry_external/job/The-Bentley-Moose-Jaw---425-4th-Avenue-NW-Moose-Jaw-SK-S6H-8B7/Server--Casual_R16181	2026-08-04	workday-full	Server- Casual	revera	added	The Bentley Moose Jaw - 425-4th Avenue NW, Moose Jaw, SK S6H 8B7
https://revera.wd3.myworkdayjobs.com/talemetry_external/job/Barrhaven---110-Berrigan-Drive-Nepean-ON-K2J-5A6/Server---Part-Time_R17373	2026-08-04	workday-full	Part-Time Server (7 AM to 2 PM)	revera	added	Barrhaven - 110 Berrigan Drive, Nepean, ON K2J 5A6
https://pwc.wd3.myworkdayjobs.com/global_experienced_careers/job/Piracicaba/Analista-e-Desenvolvedor-Java-Jr---DTS--AdvCon----Associate--tag01-_637739WD	2026-08-04	workday-full	Analista e Desenvolvedor Java Jr (DTS) | Associate [tag01]	pwc	added	Piracicaba
https://pwc.wd3.myworkdayjobs.com/global_experienced_careers/job/Gurugram-10-C/IN-Sr-Associate-Full-Stack-Developer---Java--Spring-Boot---Node--Digital-Integration-Advisory-Kolkata_736180WD-1	2026-08-04	workday-full	IN_Sr Associate_Full Stack Developer - Java (Spring Boot / Node)_Digital Integration_Advisory_Gurgaon	pwc	added	Gurugram 10 C
https://pwc.wd3.myworkdayjobs.com/nonpublic_postings/job/Gurugram-10-C/IN-Sr-Associate-Full-Stack-Developer---Java--Spring-Boot---Node--Digital-Integration-Advisory-Kolkata_736180WD	2026-08-04	workday-full	IN_Sr Associate_Full Stack Developer - Java (Spring Boot / Node)_Digital Integration_Advisory_Gurgaon	pwc	added	Gurugram 10 C
https://powdr.wd12.myworkdayjobs.com/powdr_careers/job/Snowbird-UT/Forklift-Restaurant-Server_JR6689	2026-08-04	workday-full	Forklift Restaurant Server	powdr	added	
https://pfg.wd3.myworkdayjobs.com/saveonfoodscareers/job/Richmond-Square---Calgary-AB/Restaurant-Clerk_R-00040237	2026-08-04	workday-full	Restaurant Clerk	pfg	added	Richmond Square - Calgary AB
https://pacs.wd108.myworkdayjobs.com/pacs/job/Desert-Springs-Post-Acute/LVN---Desert-Springs-Post-Acute_JR177042-1	2026-08-04	workday-full	LVN - Desert Springs Post Acute	pacs	added	
https://pae.wd1.myworkdayjobs.com/amentum_careers/job/OCONUS-UK-Warrington/SQL-Server-Developer_R0165193	2026-08-04	workday-full	SQL Server Developer	pae	added	2 Locations
https://papajohns.wd1.myworkdayjobs.com/papajohnscareers/job/Store-56_KYShepherdsvilleAdam-Shepher/Restaurant-Team-Member_R26_0000001171	2026-08-04	workday-full	Restaurant Team Member	papajohns	added	Store 56_KY/Shepherdsville/Adam Shepher
https://papajohns.wd1.myworkdayjobs.com/papajohnscareers/job/Store-5537_NCHuntersvilleMarket-Square-Dr/Restaurant-Team-Member_R26_0000001644	2026-08-04	workday-full	Restaurant Team Member	papajohns	added	Store 5537_NC/Huntersville/Market Square Dr
https://papajohns.wd1.myworkdayjobs.com/papajohnscareers/job/Store-1627_NCCaryTryon-Rd/Restaurant-Team-Member_R26_0000001196	2026-08-04	workday-full	Restaurant Team Member	papajohns	added	Store 1627_NC/Cary/Tryon Rd
https://papajohns.wd1.myworkdayjobs.com/papajohnscareers/job/Store-48_KYShelbyvilleMidland-Trl/Restaurant-Team-Member_R26_0000001147	2026-08-04	workday-full	Restaurant Team Member	papajohns	added	Store 48_KY/Shelbyville/Midland Trl
https://papajohns.wd1.myworkdayjobs.com/papajohnscareers/job/Store-44_KYLouisvilleTaylorsville-Rd/Restaurant-Team-Member_R26_0000001140	2026-08-04	workday-full	Restaurant Team Member	papajohns	added	Store 44_KY/Louisville/Taylorsville Rd
https://papajohns.wd1.myworkdayjobs.com/papajohnscareers/job/Store-11_KYLouisvilleShelbyville-Rd/Restaurant-Team-Member_R26_0000001048	2026-08-04	workday-full	Restaurant Team Member	papajohns	added	Store 11_KY/Louisville/Shelbyville Rd
https://outrigger.wd5.myworkdayjobs.com/outriggerenterprisesgroup/job/Kailua-Kona-HI-USA---Outrigger-Kona-Resort-and-Spa/Server_R3885	2026-08-04	workday-full	Server	outrigger	added	Kailua Kona, HI, USA - Outrigger Kona Resort and Spa
https://nature.wd108.myworkdayjobs.com/externalcareers/job/Durham-North-Carolina/Peatlands-Climate---Restoration-Scientist_JR103491-1	2026-08-04	workday-full	Peatlands Climate & Restoration Scientist	nature	added	Durham, North Carolina
https://mymvw.wd5.myworkdayjobs.com/mvw/job/The-Westin-Nanea-Ocean-Villas/Server_JR92856	2026-08-04	workday-full	Server	mymvw	added	The Westin Nanea Ocean Villas
https://mymvw.wd5.myworkdayjobs.com/mvw/job/The-Westin-St-John-Resort-Villas/Server_JR92818	2026-08-04	workday-full	Server	mymvw	added	The Westin St. John Resort Villas
https://mymvw.wd5.myworkdayjobs.com/hvocareers/job/Hyatt-Vacation-Club-at-Kaanapali-Beach/Server_JR92801-1	2026-08-04	workday-full	Server	mymvw	added	Hyatt Vacation Club at Kaanapali Beach
https://my7elevenhr.wd12.myworkdayjobs.com/careers/job/Big-Spring-TX/Petroleum-Transport-Driver---Big-Springs--TX_R26_1559	2026-08-04	workday-full	Petroleum Transport Driver - Big Springs, TX	my7elevenhr	added	
https://montage.wd1.myworkdayjobs.com/montage_international/job/USA---CA---San-Diego/Server--In-Room-Dining--PT-_R43798	2026-08-04	workday-full	Server, In-Room Dining (PT)	montage	added	USA - CA - San Diego
https://montage.wd1.myworkdayjobs.com/montage_international/job/USA---CA---Laguna-Beach/Server---In-Room-Dining_R43788	2026-08-04	workday-full	Server - In-Room Dining	montage	added	USA - CA - Laguna Beach
https://montage.wd1.myworkdayjobs.com/montage_international/job/USA---CA---Laguna-Beach/Server-Attendant---The-Loft--Part-Time-_R43804	2026-08-04	workday-full	Server Attendant - The Loft (Part Time)	montage	added	USA - CA - Laguna Beach
https://moneris.wd3.myworkdayjobs.com/moneris/job/Montreal/Reprsentant-e--bilingue-du-service--la-clientle--Restaurant----Bilingual-Customer-Service-Representative--Restaurant-_JR105905	2026-08-04	workday-full	Représentant(e) bilingue du service à la clientèle (Restaurant) / Bilingual Customer Service Representative (Restaurant)	moneris	added	3 Locations
https://monarchcasino.wd501.myworkdayjobs.com/monarch_casinos/job/Monarch-Blackhawk/Buffet-Restaurant-Supervisor_JR100381	2026-08-04	workday-full	Buffet Restaurant Supervisor	monarchcasino	added	Monarch Blackhawk
https://monarchcasino.wd501.myworkdayjobs.com/atlantis_casino/job/Atlantis-Reno/Cocktail-Server-4_JR101135	2026-08-04	workday-full	Cocktail Server	monarchcasino	added	Atlantis Reno
https://monarchcasino.wd501.myworkdayjobs.com/atlantis_casino/job/Atlantis-Reno/Cocktail-Server-2_JR101138	2026-08-04	workday-full	Cocktail Server	monarchcasino	added	Atlantis Reno
https://monarchcasino.wd501.myworkdayjobs.com/atlantis_casino/job/Atlantis-Reno/Cocktail-Server-1_JR101140-1	2026-08-04	workday-full	Cocktail Server	monarchcasino	added	Atlantis Reno
https://mgmresorts.wd5.myworkdayjobs.com/mgmcareers/job/Property---MGM-Springfield/South-End-Market-Cook---MGM-Springfield_277618	2026-08-04	workday-full	South End Market Cook - MGM Springfield	mgmresorts	added	Property - MGM Springfield
https://mgpru.wd3.myworkdayjobs.com/mandgprudential/job/Pune/Automation-Engineer---Intelligent-Automation_R18874	2026-08-04	workday-full	Python Automation Engineer – Intelligent Automation	mgpru	added	Pune
https://mercy.wd1.myworkdayjobs.com/mercycareers/job/Mercy-Clinics-of-Springfield-and-Communities/Optometrist_JR235372	2026-08-04	workday-full	Nurse Practitioner or Physician Assistant - Ophthalmology - Springfield, MO	mercy	added	Mercy Clinics of Springfield and Communities
https://memorialhermann.wd5.myworkdayjobs.com/external/job/Spring-Convenient-Care-Center/Medical-Assistant---MHMG-Spring-CCC_100185117	2026-08-04	workday-full	Medical Assistant - MHMG Spring CCC	memorialhermann	added	Spring Convenient Care Center
https://mdlz.wd3.myworkdayjobs.com/external/job/Indonesia-Remote/RKAO-West-Java-2_R-173999	2026-08-04	workday-full	RKAO West Java 2	mdlz	added	Indonesia (Remote)
https://mbk.wd5.myworkdayjobs.com/mslcareers/job/AZ---Scottsdale-McDowell-Village/FT-Server_JR110757	2026-08-04	workday-full	FT Server	mbk	added	AZ - Scottsdale: McDowell Village
https://mainsailhotels.wd5.myworkdayjobs.com/mainsail_property_management/job/Spartanburg-SC/PM-Server---Spartanburg-Marriott_JR102880	2026-08-04	workday-full	PM Server - Spartanburg Marriott	mainsailhotels	added	Spartanburg, SC
https://mainsailhotels.wd5.myworkdayjobs.com/mainsail_property_management/job/Spartanburg-SC/Breakfast-Server---Spartanburg-Marriott_JR102879	2026-08-04	workday-full	Breakfast Server - Spartanburg Marriott	mainsailhotels	added	Spartanburg, SC
https://mainsailhotels.wd5.myworkdayjobs.com/mainsail_property_management/job/Fayetteville-GA/Restaurant-Host_JR102871	2026-08-04	workday-full	Restaurant Host (Part-Time)	mainsailhotels	added	Fayetteville, GA
https://lowes.wd5.myworkdayjobs.com/lws_external_cs/job/Alexandria-VA-0715/Back-End-Dept-Supervisor_JR-02596911-1	2026-08-04	workday-full	Back-End Dept Supervisor	lowes	added	Alexandria, VA 0715
https://lplfinancial.wd1.myworkdayjobs.com/external/job/Fort-MillCharlotte/Senior-API-Engineer--Python---AWS-_R-050884	2026-08-04	workday-full	Python API Engineer	lplfinancial	added	4 Locations
https://loewshotels.wd5.myworkdayjobs.com/loewshotels/job/FL---Miami-Beach---Loews-Miami-Beach-Hotel/Preston-s-Greeter_R0078816	2026-08-04	workday-full	Preston's Greeter	loewshotels	added	FL - Miami Beach - Loews Miami Beach Hotel
https://livenation.wd503.myworkdayjobs.com/lnexternalsite/job/Chicago-IL-USA/Bartender---Restaurant_JR-92080	2026-08-04	workday-full	Bartender - Restaurant	livenation	added	Chicago, IL, USA
https://lifetime.wd1.myworkdayjobs.com/lifetime/job/Lakewood-Ranch/Restaurant-Cook_R-169026	2026-08-04	workday-full	Restaurant Cook	lifetime	added	Lakewood Ranch
https://linklaters.wd3.myworkdayjobs.com/linklaters/job/Rechtsanwalt--m-w-d--Restrukturierung---Insolvenz_R00003413-2	2026-08-04	workday-full	Rechtsanwalt (m/w/d) Restrukturierung & Insolvenz	linklaters	added	
https://linklaters.wd3.myworkdayjobs.com/de_linklaters/job/Rechtsanwalt--m-w-d--Restrukturierung---Insolvenz_R00003413	2026-08-04	workday-full	Rechtsanwalt (m/w/d) Restrukturierung & Insolvenz	linklaters	added	
https://leidos.wd5.myworkdayjobs.com/external/job/Annapolis-Junction-MD/Java-Software-Engineer---Spring-Boot---Kubernetes_R-00188564	2026-08-04	workday-full	Java Software Engineer – Spring Boot & Kubernetes	leidos	added	Annapolis Junction, MD
https://kindercare.wd5.myworkdayjobs.com/externalcareersite/job/301105-Spring-Valley-KinderCare/Teachers-at-Spring-Valley-KinderCare_JR49531-1	2026-08-04	workday-full	Teachers at Spring Valley KinderCare	kindercare	added	301105 Spring Valley KinderCare
https://kindercare.wd5.myworkdayjobs.com/externalcareersite/job/301161-Springdale-Road-KinderCare/Teachers-at-Springdale-Road-KinderCare_JR49556-1	2026-08-04	workday-full	Teachers at Springdale Road KinderCare	kindercare	added	301161 Springdale Road KinderCare
https://kindercare.wd5.myworkdayjobs.com/externalcareersite/job/301224-Canyon-Crest-KinderCare/Teachers-at-Canyon-Crest-KinderCare_JR49592-1	2026-08-04	workday-full	Teachers at Canyon Crest KinderCare	kindercare	added	301224 Canyon Crest KinderCare
https://kindercare.wd5.myworkdayjobs.com/externalcareersite/job/301212-Eagan-Krestwood-KinderCare/Teachers-at-Eagan-Krestwood-KinderCare_JR49584-1	2026-08-04	workday-full	Teachers at Eagan Krestwood KinderCare	kindercare	added	301212 Eagan Krestwood KinderCare
https://lesschwab.wd1.myworkdayjobs.com/stores/job/Firestone-CO/Sales---Administration---Clerical---Sales-Support----Firestone--172_R-00932	2026-08-04	workday-full	Administrative Support - Firestone #172	lesschwab	added	Firestone, CO
https://kindercare.wd5.myworkdayjobs.com/externalcareersite/job/301542-Reston-KinderCare/Teachers-at-Reston-KinderCare_JR49733-1	2026-08-04	workday-full	Teachers at Reston KinderCare	kindercare	added	301542 Reston KinderCare
https://kindercare.wd5.myworkdayjobs.com/externalcareersite/job/301483-Manchester-Spring-KinderCare/Teachers-at-Manchester-Spring-KinderCare_JR49697-1	2026-08-04	workday-full	Teachers at Manchester Spring KinderCare	kindercare	added	301483 Manchester Spring KinderCare
https://kindercare.wd5.myworkdayjobs.com/externalcareersite/job/301528-Forest-Crossing-KinderCare/Teachers-at-Forest-Crossing-KinderCare_JR49732-1	2026-08-04	workday-full	Teachers at Forest Crossing KinderCare	kindercare	added	301528 Forest Crossing KinderCare
https://kindercare.wd5.myworkdayjobs.com/externalcareersite/job/301961-Forest-KinderCare/Teachers-at-Forest-KinderCare_JR49926-1	2026-08-04	workday-full	Teachers at Forest KinderCare	kindercare	added	301961 Forest KinderCare
https://kindercare.wd5.myworkdayjobs.com/externalcareersite/job/302051-Weldon-Spring-KinderCare/Teachers-at-Weldon-Spring-KinderCare_JR49964	2026-08-04	workday-full	Teachers at Weldon Spring KinderCare	kindercare	added	302051 Weldon Spring KinderCare
https://kindercare.wd5.myworkdayjobs.com/externalcareersite/job/302074-Spanish-Springs-KinderCare/Teachers-at-Spanish-Springs-KinderCare_JR50079-1	2026-08-04	workday-full	Teachers at Spanish Springs KinderCare	kindercare	added	302074 Spanish Springs KinderCare
https://kindercare.wd5.myworkdayjobs.com/externalcareersite/job/303052-Spring-KinderCare/Teachers-at-Spring-KinderCare_JR50056-1	2026-08-04	workday-full	Teachers at Spring KinderCare	kindercare	added	303052 Spring KinderCare
https://kindercare.wd5.myworkdayjobs.com/externalcareersite/job/081095-KinderCare-at-Wake-Forest-University/Teachers-at-KinderCare-at-Wake-Forest-University_JR50050-1	2026-08-04	workday-full	Teachers at KinderCare at Wake Forest University	kindercare	added	081095 KinderCare at Wake Forest University
https://kindercare.wd5.myworkdayjobs.com/externalcareersite/job/302179-Sinking-Spring-KinderCare/Teacher-at-Sinking-Spring-KinderCare_JR50119-1	2026-08-04	workday-full	Teacher at Sinking Spring KinderCare	kindercare	added	302179 Sinking Spring KinderCare
https://kindercare.wd5.myworkdayjobs.com/externalcareersite/job/302086-Spring-Park-KinderCare/Teachers-at-Spring-Park-KinderCare_JR50175-1	2026-08-04	workday-full	Teachers at Spring Park KinderCare	kindercare	added	302086 Spring Park KinderCare
https://kindercare.wd5.myworkdayjobs.com/externalcareersite/job/000097-Spring-Street-KinderCare/Assistant-Teachers-at-Spring-Street-KinderCare_JR50210-1	2026-08-04	workday-full	Assistant Teachers at Spring Street KinderCare	kindercare	added	000097 Spring Street KinderCare
https://kindercare.wd5.myworkdayjobs.com/externalcareersite/job/301043-Oak-Forest-KinderCare/Assistant-Teachers-at-Oak-Forest-KinderCare_JR50319-1	2026-08-04	workday-full	Assistant Teachers at Oak Forest KinderCare	kindercare	added	301043 Oak Forest KinderCare
https://kindercare.wd5.myworkdayjobs.com/externalcareersite/job/300978-Hillcrest-Drive-KinderCare/Assistant-Teachers-at-Hillcrest-Drive-KinderCare_JR50312-1	2026-08-04	workday-full	Assistant Teachers at Hillcrest Drive KinderCare	kindercare	added	300978 Hillcrest Drive KinderCare
https://hyvee.wd1.myworkdayjobs.com/hyveecareers/job/Brookings--22nd-Ave-S-Brookings-SD/Server_R244020	2026-08-04	workday-full	Server	hyvee	added	Brookings, 22nd Ave S., Brookings, SD
https://houfit.wd1.myworkdayjobs.com/houston_fitness_partners/job/Spring-Branch/Fitness-Instructor--Spring-Branch-_JR103781	2026-08-04	workday-full	Fitness Instructor (Spring Branch)	houfit	added	Spring Branch
https://holmanautogroup.wd1.myworkdayjobs.com/holmanenterprisescareers/job/Colorado-Springs-CO-USA/Installation-Mechanic---Colorado-Springs--CO_R0055997	2026-08-04	workday-full	Installation Mechanic (Up to $5,000 Sign-On Bonus) - Colorado Springs, CO	holmanautogroup	added	Colorado Springs, CO (USA)
https://hhs.wd12.myworkdayjobs.com/hhs1jobs/job/Lutheran-Life-Communities---TSOL/Dietary-Aide-Server_R26_003863-1	2026-08-04	workday-full	Dietary Aide/Server	hhs	added	Lutheran Life Communities - TSOL
https://hhs.wd12.myworkdayjobs.com/hhs1hourlyjobs/job/San-Antonio-TX/Restoration-Technician_R26_003864	2026-08-04	workday-full	Restoration Technician	hhs	added	San Antonio, TX
https://harman.wd3.myworkdayjobs.com/harman/job/Bangalore---Karnataka-India---Kalyani-Platina/Software-Engineer---Java-Backend_R-54790-2026	2026-08-04	workday-full	Software Engineer - Java Backend	harman	added	Bangalore - Karnataka, India - Kalyani Platina
https://hargreaveslansdown.wd3.myworkdayjobs.com/hargreaveslansdown/job/Welcome-Building/Software-Engineer---Full-Stack-Engineer--Nodejs---GraphQL-_R9482	2026-08-04	workday-full	Software Engineer – Full Stack Engineer (Node.js / GraphQL)	hargreaveslansdown	added	Welcome Building
https://ghr.wd1.myworkdayjobs.com/lateral-us/job/Frisco/Financial-Solutions-Advisor---Preston-Lebanon-Financial-Center_26027118-2	2026-08-04	workday-full	Financial Solutions Advisor - Preston Lebanon Financial Center	ghr	added	Frisco
https://freemanhealth.wd1.myworkdayjobs.com/jointeamfreeman/job/Freeman-Springdale-Hospital/CT-Technologist-I---Freeman-Springdale-Hospital---PRN_JR111908	2026-08-04	workday-full	CT Technologist I | Freeman Springdale Hospital | PRN	freemanhealth	added	Freeman Springdale Hospital
https://freemanhealth.wd1.myworkdayjobs.com/jointeamfreeman/job/Freeman-Springdale-Hospital/Respiratory-Therapist---CRT---Freeman-Springdale-Hospital---Full-Time_JR111910	2026-08-04	workday-full	Respiratory Therapist - CRT | Freeman Springdale Hospital | Full-Time	freemanhealth	added	Freeman Springdale Hospital
https://freemanhealth.wd1.myworkdayjobs.com/jointeamfreeman/job/Freeman-Springdale-Hospital/Sterile-Processing-Technician-I-Non-Certified---Sterile-Processing-Department---Freeman-Springdale---Full-Time---Mid-Shift_JR111909	2026-08-04	workday-full	Sterile Processing Technician I Non-Certified | Sterile Processing Department | Freeman Springdale | Full-Time | Mid Shift	freemanhealth	added	Freeman Springdale Hospital
https://freemanhealth.wd1.myworkdayjobs.com/jointeamfreeman/job/Freeman-Springdale-Hospital/MRI-Technologist-I---Freeman-Springdale-Hospital---Full-Time_JR111906-1	2026-08-04	workday-full	MRI Technologist I | Freeman Springdale Hospital | Full-Time	freemanhealth	added	Freeman Springdale Hospital
https://freemanhealth.wd1.myworkdayjobs.com/jointeamfreeman/job/Freeman-Springdale-Hospital/Surgical-Technician-Certified---Main-OR---Freeman-Springdale---Full-Time_JR111904	2026-08-04	workday-full	Surgical Technician Certified | Main OR | Freeman Springdale | Full-Time	freemanhealth	added	Freeman Springdale Hospital
https://freemanhealth.wd1.myworkdayjobs.com/jointeamfreeman/job/Freeman-Springdale-Hospital/RN---Endo---MOB-Surgery-Center---Freeman-Springdale---Full-Time---Day-Shift_JR111905	2026-08-04	workday-full	RN - Endo | MOB Surgery Center | Freeman Springdale | Full-Time | Day Shift	freemanhealth	added	Freeman Springdale Hospital
https://freemanhealth.wd1.myworkdayjobs.com/jointeamfreeman/job/Freeman-Siloam-Springs-Hospital/Patient-Care-Tech---Acute-Care---Siloam-Springs---Full-Time-Days_JR111900	2026-08-04	workday-full	Patient Care Tech - Acute Care - Siloam Springs - Full Time Days	freemanhealth	added	Freeman Siloam Springs Hospital
https://freemanhealth.wd1.myworkdayjobs.com/jointeamfreeman/job/Freeman-Siloam-Springs-Hospital/LPN---Acute-Care---Siloam-Springs---Part-Time-Nights_JR111899	2026-08-04	workday-full	LPN - Acute Care - Siloam Springs - Part Time Nights	freemanhealth	added	Freeman Siloam Springs Hospital
https://freemanhealth.wd1.myworkdayjobs.com/jointeamfreeman/job/Freeman-Springdale-Hospital/RN-Charge-Med-Surg_JR111243-1	2026-08-04	workday-full	RN Charge | Med Surg | Freeman Springdale | Full - Time Days	freemanhealth	added	Freeman Springdale Hospital
https://fogo.wd5.myworkdayjobs.com/fogo/job/Providence-RI/Server_R27996	2026-08-04	workday-full	Server	fogo	added	
https://fogo.wd5.myworkdayjobs.com/fogo/job/Huntington-Station-NY/Server_R27990	2026-08-04	workday-full	Server	fogo	added	
https://fifththird.wd5.myworkdayjobs.com/53careers/job/Powder-Springs-GA/Personal-Banker-Associate-I---Varner-Crossing--Powder-Springs-GA-_R68906	2026-08-04	workday-full	Personal Banker Associate I - Varner Crossing (Powder Springs. GA)	fifththird	added	Powder Springs, GA
https://fifththird.wd5.myworkdayjobs.com/53careers/job/Alcoa-TN/Personal-Banker-Associate-I---Springbrook--Alcoa--TN-_R68961	2026-08-04	workday-full	Personal Banker Associate I - Springbrook (Alcoa, TN)	fifththird	added	Alcoa, TN
https://extendicare.wd10.myworkdayjobs.com/extendicare2023/job/LTC---Hillcrest-Place-Inc---930---26th-Street-Brandon-Manitoba/Scheduling-and-Attendance-Coordinator--SAC----Full-Time--FT----Hillcrest-Place_R34518	2026-08-04	workday-full	Scheduling and Attendance Coordinator (SAC) - Full Time (FT) - Hillcrest Place	extendicare	added	LTC - Hillcrest Place Inc - 930 - 26th Street, Brandon, Manitoba
https://equisoft.wd10.myworkdayjobs.com/external/job/HYBRID---Qubec-City-Canada/Full-Stack-Application-Developer--Kotlin-Java-React-_ReqID100221	2026-08-04	workday-full	Full-Stack Application Developer (Kotlin-Java/React)	equisoft	added	HYBRID - Québec City, Canada
https://elemica.wd501.myworkdayjobs.com/elemica_careers/job/UK_REMOTE/Go-to-Market-Operations-Analyst_JR100077	2026-08-04	workday-full	Go-to-Market Operations Analyst	elemica	added	UK_REMOTE
https://easyservice.wd5.myworkdayjobs.com/mercyhealthcareers/job/Springfield-OH/Patient-Safety-Companion---Emergency-Department--ED----Springfield-Regional-Medical-Center_R281546-1	2026-08-04	workday-full	Patient Safety Companion - Springfield Regional Medical Center	easyservice	added	Springfield, OH
https://db.wd3.myworkdayjobs.com/dbwebsite/job/Bangalore-Velankani-Tech-Park/Full-Stack-Developer--UI---Backend---GCP---AI--AVP_R0439353	2026-08-04	workday-full	Full Stack Developer (UI + Backend), GCP & AI, AVP	db	added	Bangalore, Velankani Tech Park
https://daveandbusters.wd1.myworkdayjobs.com/dave_and_busters_careers/job/Memphis-TN/Server_R-1012544	2026-08-04	workday-full	Server	daveandbusters	added	Memphis, TN
https://daveandbusters.wd1.myworkdayjobs.com/dave_and_busters_careers/job/Frisco-TX/Server_R-1012557	2026-08-04	workday-full	Server	daveandbusters	added	Frisco, TX
https://crowdstrike.wd5.myworkdayjobs.com/crowdstrikecareers/job/Australia---Sydney/Software-Engineer-III--Core-Services---Libraries--Remote--AUS-_R29029	2026-08-04	workday-full	Software Engineer III, Golang Core Services & Libraries (Remote, AUS)	crowdstrike	added	2 Locations
https://circlek.wd3.myworkdayjobs.com/circlekstorejobs/job/Store-2743557-Carmel-IN/Restaurant-Store-Assistant_R609254-1	2026-08-04	workday-full	Restaurant Store Assistant	circlek	added	Store 2743557 Carmel IN
https://circlek.wd3.myworkdayjobs.com/circlekstorejobs/job/Store-2727064Q-Brooklyn-MS/Restaurant-Team-Member_R609302-1	2026-08-04	workday-full	Restaurant Team Member	circlek	added	Store 2727064Q Brooklyn MS
https://circlek.wd3.myworkdayjobs.com/circlekstorejobs/job/Store-4703973Q-Hendersonville-TN/Restaurant-Team-Member_R609354-1	2026-08-04	workday-full	Restaurant Team Member	circlek	added	Store 4703973Q Hendersonville TN
https://circlek.wd3.myworkdayjobs.com/circlekstorejobs/job/Store-2727058Q-West-Columbia-SC/Restaurant-Team-Member_R609453-1	2026-08-04	workday-full	Restaurant Team Member	circlek	added	Store 2727058Q West Columbia SC
https://circlek.wd3.myworkdayjobs.com/circlekstorejobs/job/Store-2724249Q-Hammond-LA/Restaurant-Team-Member_R609464-1	2026-08-04	workday-full	Restaurant Team Member	circlek	added	Store 2724249Q Hammond LA
https://convive.wd12.myworkdayjobs.com/lepainquotidien/job/MIA---Coconut-Grove/Server_JR103123	2026-08-04	workday-full	Server	convive	added	MIA - Coconut Grove
https://circlek.wd3.myworkdayjobs.com/circlekstorejobs/job/Store-2705378-Augusta-GA/Restaurant-Team-Member_R609494-1	2026-08-04	workday-full	Restaurant Team Member	circlek	added	Store 2705378 Augusta GA
https://cnx.wd1.myworkdayjobs.com/external_global/job/Omaha-NE-68122/Solution-Architect---Java-Modernization---Identity-Management_R1746507	2026-08-04	workday-full	Solution Architect – Java Modernization & Identity Management	cnx	added	Omaha, NE 68122
https://cnx.wd1.myworkdayjobs.com/external_global/job/IND-Gurgaon-UDYOG-Work-at-Home/Server-Engineer-II--TCF-_R1751335	2026-08-04	workday-full	Server Engineer II (TCF)	cnx	added	IND Gurgaon UDYOG Work-at-Home
https://churchs.wd1.myworkdayjobs.com/field/job/203167/Cook---Restaurant-203167---5310-Main-Street--Zachary--LA-70791_R0057832	2026-08-04	workday-full	Cook - Restaurant 203167 - 5310 Main Street, Zachary, LA 70791	churchs	added	203167
https://carilionclinic.wd12.myworkdayjobs.com/external_careers/job/Roanoke-Virginia/Maintenance-HVAC-Specialist---Crystal-Spring-Tower_R150248	2026-08-04	workday-full	Maintenance/HVAC Specialist - Crystal Spring Tower	carilionclinic	added	Roanoke, Virginia
https://caresource.wd1.myworkdayjobs.com/caresource/job/Massachusetts-Mobile/Care-Delivery-Advanced-Practice-Clinician---Hybrid--Springfield-Office---Mobile-_R12974-1	2026-08-04	workday-full	Nurse Practitioner / Physician Assistant (Care Delivery Advanced Practice Clinician)(Springfield Office / Mobile)	caresource	added	Massachusetts Mobile
https://caresource.wd1.myworkdayjobs.com/caresource/job/Springfield-MA-Office/Primary-Medical-Care-Assistant--Springfield--MA-_R13230	2026-08-04	workday-full	Primary Medical Care Assistant (Springfield, MA)	caresource	added	2 Locations
https://caresource.wd1.myworkdayjobs.com/caresource/job/Massachusetts-Mobile/Care-Delivery-RN--Springfield-Western-Massachusetts--_R12957	2026-08-04	workday-full	Hybrid Registered Nurse (RN) - Care Delivery (Springfield/Western Massachusetts)	caresource	added	2 Locations
https://capitalauto.wd3.myworkdayjobs.com/capitalautogroupcareers/job/Regina-SK/Automotive-Product-Specialist---Crestview-Chrysler-Dodge-Jeep-RAM_R2829-1	2026-08-04	workday-full	Automotive Product Specialist - Crestview Chrysler Dodge Jeep RAM	capitalauto	added	Regina, SK
https://caci.wd1.myworkdayjobs.com/external/job/Norfolk-VA-US/Backend-Developer--Java--C-C---_329865	2026-08-04	workday-full	Backend Developer (Java, C/C++)	caci	added	Norfolk, VA, US
https://bozemanhealth.wd1.myworkdayjobs.com/bozemanhealthcareers/job/Bozeman-MT/Food-Service-Worker--Hillcrest--PT--04-FTE--Variable-Shift-_R14213	2026-08-04	workday-full	Food Service Worker- Hillcrest (PT- 0.4 FTE, Variable Shift)	bozemanhealth	added	Bozeman, MT
https://bdouk.wd3.myworkdayjobs.com/bdo_careers/job/Liverpool/Business-Restructuring---Case-Management-Team-Assistant_R20342	2026-08-04	workday-full	Business Restructuring - Case Management Team Assistant	bdouk	added	Liverpool
https://basspro.wd1.myworkdayjobs.com/careers/job/Ridgedale-MO-Big-Cedar-Lodge/Server-Assistant---Uncle-Buck-s_R262109	2026-08-04	workday-full	Server Assistant - Uncle Buck's	basspro	added	Ridgedale, MO (Big Cedar Lodge)
https://atriumhospitality.wd5.myworkdayjobs.com/atriumhospitality/job/Coral-Springs-FL/Banquet-Server_R49450	2026-08-04	workday-full	Banquet Server	atriumhospitality	added	Coral Springs, FL
https://atriumhospitality.wd5.myworkdayjobs.com/atriumhospitality/job/Coral-Springs-FL/Banquet-Part--Time_R49451	2026-08-04	workday-full	Banquet Server Part -Time	atriumhospitality	added	Coral Springs, FL
https://anglicare.wd105.myworkdayjobs.com/anglicare_careers/job/Brian-King-Gardens-Castle-Hill/Servery-Supervisor_JR7764	2026-08-04	workday-full	Servery Supervisor	anglicare	added	Brian King Gardens, Castle Hill
https://aah.wd5.myworkdayjobs.com/external/job/Oak-Ridge-NC---8001-Marketplace-Dr/Radiologic-Technologist--PRN--Urgent-Care-Atrium-Health-Wake-Forest-Baptist_R261815-1	2026-08-04	workday-full	Radiologic Technologist, PRN, Urgent Care Atrium Health Wake Forest Baptist	aah	added	5 Locations
https://aah.wd5.myworkdayjobs.com/external/job/Atrium-Health-Wake-Forest-Baptist---Medical-Center-Blvd-Winston-Salem-NC/Laboratory-Animal-Technician---Animal-Resource-Program---Bowman-Gray-Campus-Atrium-Health-Wake-Forest_R259827	2026-08-04	workday-full	Laboratory Animal Technician - Animal Resource Program - Bowman Gray Campus Atrium Health Wake Forest	aah	added	Atrium Health Wake Forest Baptist - Medical Center Blvd, Winston Salem, NC
https://acrt.wd1.myworkdayjobs.com/acrt_careers/job/Newton-NJ/Consulting-Utility-Forester_R9224	2026-08-04	workday-full	Consulting Utility Forester	acrt	added	3 Locations
https://cafe.naver.com/f-e/cafes/31258781/articles/36391	2026-08-04	naver-cafe-api	[경력] ~26.08.31 / 같다(gatda Corp) - [빼기] ASIA 1위 환경플랫폼 Backend/Platform Engineer(DB/Infra)	Naver Cafe Workhub	added	
https://www.wanted.co.kr/wd/378675	2026-08-04	local-parser	서버 개발자	모젯(정오의데이트)	added	서울
https://www.wanted.co.kr/wd/378622	2026-08-04	local-parser	Backend Engineer	부릉	added	서울
https://www.wanted.co.kr/wd/378565	2026-08-04	local-parser	AI Backend Engineer	인핸스(Enhans)	added	서울
https://www.wanted.co.kr/wd/378490	2026-08-04	local-parser	Backend Engineer (빗썸페이)	빗썸	added	서울
https://www.wanted.co.kr/wd/378384	2026-08-04	local-parser	백엔드 API 개발 및 설계 지원	메사쿠어컴퍼니	added	서울
https://www.wanted.co.kr/wd/378327	2026-08-04	local-parser	서버 엔지니어 (Kotlin/Spring)	페이히어	added	서울
https://www.wanted.co.kr/wd/378297	2026-08-04	local-parser	Product Engineer (Backend based)	디피니트	added	서울
https://www.wanted.co.kr/wd/378293	2026-08-04	local-parser	소프트웨어 엔지니어 (백엔드·데이터 중심) (3~5년)	사운독	added	경기
https://www.wanted.co.kr/wd/378253	2026-08-04	local-parser	백엔드 개발자 (B2B SaaS, 7년 이상)	업사이트	added	서울
https://www.wanted.co.kr/wd/378218	2026-08-04	local-parser	Back-End Engineer	로워드	added	서울
https://www.wanted.co.kr/wd/378149	2026-08-04	local-parser	의료기기 서비스 백엔드 개발자	유아이엠디	added	경기
https://www.wanted.co.kr/wd/378144	2026-08-04	local-parser	백엔드 개발자 (4년 이상~)	아티피셜소사이어티	added	서울
https://www.wanted.co.kr/wd/378073	2026-08-04	local-parser	Backend 개발자	워드바이스	added	서울
https://www.wanted.co.kr/wd/378046	2026-08-04	local-parser	풀스택 개발자 (백엔드·인프라 중심 / 0~5년)	스키프	added	서울
https://www.wanted.co.kr/wd/377885	2026-08-04	local-parser	플랫폼 백엔드 개발자 (API/Gateway/BFF담당)	에버온	added	서울
https://www.wanted.co.kr/wd/377669	2026-08-04	local-parser	웹서버 개발자	마드라스체크(플로우)	added	서울
https://www.wanted.co.kr/wd/377565	2026-08-04	local-parser	샤플(Shopl) 백엔드 개발자	샤플앤컴퍼니	added	서울
https://www.jumpit.co.kr/position/54645855	2026-08-04	local-parser	Backend Engineer (Python)	지엔에이컴퍼니	added	서울
https://www.jumpit.co.kr/position/54638934	2026-08-04	local-parser	Java 기반 백엔드/서버개발자 경력	송암시스콤	added	서울
https://www.jumpit.co.kr/position/54621453	2026-08-04	local-parser	백엔드·인프라 풀스택 엔지니어	베스텔라랩	added	서울
https://www.jumpit.co.kr/position/54637764	2026-08-04	local-parser	백엔드 개발자 (5-10년)	더스윙	added	서울
https://www.jumpit.co.kr/position/54587572	2026-08-04	local-parser	Java 백엔드 개발자 [경력 3~8년]	제네시스네스트	added	서울
https://www.jumpit.co.kr/position/54621461	2026-08-04	local-parser	백엔드 개발자 (사원~과장)	오프리메드	added	서울
https://www.jumpit.co.kr/position/54616506	2026-08-04	local-parser	Backend (Python) 개발자	씨메스	added	서울
https://www.jumpit.co.kr/position/54621359	2026-08-04	local-parser	서버 개발자	코보시스	added	서울
https://www.jumpit.co.kr/position/54621079	2026-08-04	local-parser	백엔드 개발자	와탭랩스	added	서울
https://www.jumpit.co.kr/position/54585301	2026-08-04	local-parser	AI Product Back-end Engineer	코그넥스코리아	added	서울
https://www.jumpit.co.kr/position/54593427	2026-08-04	local-parser	고급 백엔드 설계 개발자(16~18년)	티투엘	added	서울
https://www.jumpit.co.kr/position/54593418	2026-08-04	local-parser	고급 백엔드 설계 개발자(13~15년)	티투엘	added	서울
https://www.jumpit.co.kr/position/54593414	2026-08-04	local-parser	고급 백엔드 설계 개발자(10~12년)	티투엘	added	서울
https://www.jumpit.co.kr/position/54593410	2026-08-04	local-parser	중급 백엔드 개발자 (8~10년)	티투엘	added	서울
https://www.jumpit.co.kr/position/54593396	2026-08-04	local-parser	중급 백엔드 개발자 (5~7년)	티투엘	added	서울
https://www.saramin.co.kr/zf_user/jobs/relay/view?view_type=search&rec_idx=54645555&location=ts&searchword=%EB%B0%B1%EC%97%94%EB%93%9C+Java+Spring&searchType=search&paid_fl=n&search_uuid=edc632eb-cbab-41af-8933-572b366672ba	2026-08-04	local-parser	AIoT 기반 모니터링 및 관제솔루션 개발자 (Java / PL / PM)	(주)엔솔리드	added	서울 강서구
https://www.saramin.co.kr/zf_user/jobs/relay/view?view_type=search&rec_idx=54642393&location=ts&searchword=%EB%B0%B1%EC%97%94%EB%93%9C+Java+Spring&searchType=search&paid_fl=n&search_uuid=edc632eb-cbab-41af-8933-572b366672ba	2026-08-04	local-parser	[셈웨어] 백엔드 개발자 채용	주식회사 셈웨어	added	서울 금천구
https://www.saramin.co.kr/zf_user/jobs/relay/view?view_type=search&rec_idx=54639380&location=ts&searchword=%EB%B0%B1%EC%97%94%EB%93%9C+Java+Spring&searchType=search&paid_fl=n&search_uuid=edc632eb-cbab-41af-8933-572b366672ba	2026-08-04	local-parser	Backend Engineer(3년 이상)	인포뱅크(주)	added	경기 성남시 분당구
https://www.saramin.co.kr/zf_user/jobs/relay/view?view_type=search&rec_idx=54639030&location=ts&searchword=%EB%B0%B1%EC%97%94%EB%93%9C+Java+Spring&searchType=search&paid_fl=n&search_uuid=edc632eb-cbab-41af-8933-572b366672ba	2026-08-04	local-parser	[경력] 백엔드(Back-End) 개발자 채용	(주)업사이트	added	서울 마포구
https://www.saramin.co.kr/zf_user/jobs/relay/view?view_type=search&rec_idx=54638934&location=ts&searchword=%EB%B0%B1%EC%97%94%EB%93%9C+Java+Spring&searchType=search&paid_fl=n&search_uuid=edc632eb-cbab-41af-8933-572b366672ba	2026-08-04	local-parser	Java 기반 백엔드/서버개발자 경력	송암시스콤(주)	added	전남광주 나주시
https://www.saramin.co.kr/zf_user/jobs/relay/view?view_type=search&rec_idx=54635044&location=ts&searchword=%EB%B0%B1%EC%97%94%EB%93%9C+Java+Spring&searchType=search&paid_fl=n&search_uuid=edc632eb-cbab-41af-8933-572b366672ba	2026-08-04	local-parser	[신입/경력] React/Spring Boot 기반 개발자 채용 (면접비 지급)	(주)데이터유니버스	added	서울 영등포구
https://www.saramin.co.kr/zf_user/jobs/relay/view?view_type=search&rec_idx=54633112&location=ts&searchword=%EB%B0%B1%EC%97%94%EB%93%9C+Java+Spring&searchType=search&paid_fl=n&search_uuid=edc632eb-cbab-41af-8933-572b366672ba	2026-08-04	local-parser	콜브릿지(상담콜) 백엔드 개발자 경력직 채용 (2-7년)	(주)블룸에이아이	added	서울 중구
https://www.saramin.co.kr/zf_user/jobs/relay/view?view_type=search&rec_idx=54631079&location=ts&searchword=%EB%B0%B1%EC%97%94%EB%93%9C+Java+Spring&searchType=search&paid_fl=n&search_uuid=edc632eb-cbab-41af-8933-572b366672ba	2026-08-04	local-parser	Java Spring 웹시스템 개발·유지관리 함께해요	(주)유시스	added	부산 해운대구
https://www.saramin.co.kr/zf_user/jobs/relay/view?view_type=search&rec_idx=54630933&location=ts&searchword=%EB%B0%B1%EC%97%94%EB%93%9C+Java+Spring&searchType=search&paid_fl=n&search_uuid=edc632eb-cbab-41af-8933-572b366672ba	2026-08-04	local-parser	각 부문 경력/신입 모집(영업,영업기획,영업지원,JAVA 개발)	(주)에이치에스씨엠티	added	경기 용인시 기흥구
https://www.saramin.co.kr/zf_user/jobs/relay/view?view_type=search&rec_idx=54630536&location=ts&searchword=%EB%B0%B1%EC%97%94%EB%93%9C+Java+Spring&searchType=search&paid_fl=n&search_uuid=edc632eb-cbab-41af-8933-572b366672ba	2026-08-04	local-parser	(주)대영IoT 2026년도 기술연구소 CTO 및 웹 백엔드 개발자 채용	(주)대영아이오티	added	서울 송파구
https://www.saramin.co.kr/zf_user/jobs/relay/view?view_type=search&rec_idx=54629080&location=ts&searchword=Java+Backend+Engineer&searchType=search&paid_fl=n&search_uuid=4d5b5d21-3f58-4432-b6f4-c9156d5166c6	2026-08-04	local-parser	[NE능률] 백엔드 개발자 채용 (Back-end Engineer)	(주)NE능률	added	서울 마포구
https://www.saramin.co.kr/zf_user/jobs/relay/view?view_type=search&rec_idx=54617565&location=ts&searchword=Java+Backend+Engineer&searchType=search&paid_fl=n&search_uuid=4d5b5d21-3f58-4432-b6f4-c9156d5166c6	2026-08-04	local-parser	[AI서비스사업본부] 블록체인·스테이블코인 백엔드 개발자	(주)솔트룩스	added	서울 송파구
https://www.saramin.co.kr/zf_user/jobs/relay/view?view_type=search&rec_idx=54616301&location=ts&searchword=Java+Backend+Engineer&searchType=search&paid_fl=n&search_uuid=4d5b5d21-3f58-4432-b6f4-c9156d5166c6	2026-08-04	local-parser	[개발 본부] 백엔드 개발자 채용	매드업	added	서울 강남구
https://www.saramin.co.kr/zf_user/jobs/relay/view?view_type=search&rec_idx=54637764&location=ts&searchword=Kotlin+Spring+%EB%B0%B1%EC%97%94%EB%93%9C&searchType=search&paid_fl=n&search_uuid=b4f1f058-ce5f-4d4b-994e-fcd801becf5a	2026-08-04	local-parser	백엔드 개발자 (5-10년)	(주)더스윙	added	서울 종로구
https://www.saramin.co.kr/zf_user/jobs/relay/view?view_type=search&rec_idx=54610695&location=ts&searchword=Kotlin+Spring+%EB%B0%B1%EC%97%94%EB%93%9C&searchType=search&paid_fl=n&search_uuid=b4f1f058-ce5f-4d4b-994e-fcd801becf5a	2026-08-04	local-parser	[스테이블코인] 서버 개발자 - 스테이블코인 발행 & 유통	(주)카카오페이	added	경기 성남시 분당구
https://www.saramin.co.kr/zf_user/jobs/relay/view?view_type=search&rec_idx=54610692&location=ts&searchword=Kotlin+Spring+%EB%B0%B1%EC%97%94%EB%93%9C&searchType=search&paid_fl=n&search_uuid=b4f1f058-ce5f-4d4b-994e-fcd801becf5a	2026-08-04	local-parser	서버 개발자 - 결제 서비스	(주)카카오페이	added	경기 성남시 분당구
https://www.saramin.co.kr/zf_user/jobs/relay/view?view_type=search&rec_idx=54610147&location=ts&searchword=Kotlin+Spring+%EB%B0%B1%EC%97%94%EB%93%9C&searchType=search&paid_fl=n&search_uuid=b4f1f058-ce5f-4d4b-994e-fcd801becf5a	2026-08-04	local-parser	(주)케이사인 백엔드 개발자와 함께 성장해요	(주)케이사인	added	경기 과천시
https://www.saramin.co.kr/zf_user/jobs/relay/view?view_type=search&rec_idx=54595087&location=ts&searchword=Kotlin+Spring+%EB%B0%B1%EC%97%94%EB%93%9C&searchType=search&paid_fl=n&search_uuid=b4f1f058-ce5f-4d4b-994e-fcd801becf5a	2026-08-04	local-parser	인공지능 의료 진단 솔루션 백엔드 개발자	(주)아이도트	added	서울 송파구
https://www.saramin.co.kr/zf_user/jobs/relay/view?view_type=search&rec_idx=54588572&location=ts&searchword=Kotlin+Spring+%EB%B0%B1%EC%97%94%EB%93%9C&searchType=search&paid_fl=n&search_uuid=b4f1f058-ce5f-4d4b-994e-fcd801becf5a	2026-08-04	local-parser	(업무 협업툴 SaaS, 샤플(Shopl)) 백엔드 개발자	(주)샤플앤컴퍼니	added	서울 강남구
https://www.saramin.co.kr/zf_user/jobs/relay/view?view_type=search&rec_idx=54581599&location=ts&searchword=Kotlin+Spring+%EB%B0%B1%EC%97%94%EB%93%9C&searchType=search&paid_fl=n&search_uuid=b4f1f058-ce5f-4d4b-994e-fcd801becf5a	2026-08-04	local-parser	[IT/엔지니어] Server Engineer (Kotlin)	로버트월터스코리아(주)	added	서울 중구
https://www.saramin.co.kr/zf_user/jobs/relay/view?view_type=search&rec_idx=54576961&location=ts&searchword=Kotlin+Spring+%EB%B0%B1%EC%97%94%EB%93%9C&searchType=search&paid_fl=n&search_uuid=b4f1f058-ce5f-4d4b-994e-fcd801becf5a	2026-08-04	local-parser	백엔드 엔지니어 시니어급 (핀테크, 모바일페이)	(주)에임즈인터내셔널코리아	added	서울 강남구
https://www.saramin.co.kr/zf_user/jobs/relay/view?view_type=search&rec_idx=54573839&location=ts&searchword=Kotlin+Spring+%EB%B0%B1%EC%97%94%EB%93%9C&searchType=search&paid_fl=n&search_uuid=b4f1f058-ce5f-4d4b-994e-fcd801becf5a	2026-08-04	local-parser	[토스인슈어런스] Server Developer(Finance)	(주)비바리퍼블리카	added	서울 구로구
https://www.saramin.co.kr/zf_user/jobs/relay/view?view_type=search&rec_idx=54571707&location=ts&searchword=Kotlin+Spring+%EB%B0%B1%EC%97%94%EB%93%9C&searchType=search&paid_fl=n&search_uuid=b4f1f058-ce5f-4d4b-994e-fcd801becf5a	2026-08-04	local-parser	백엔드 엔지니어 (Java)	(주)굿닥	added	서울 강남구
https://www.saramin.co.kr/zf_user/jobs/relay/view?view_type=search&rec_idx=54566660&location=ts&searchword=Kotlin+Spring+%EB%B0%B1%EC%97%94%EB%93%9C&searchType=search&paid_fl=n&search_uuid=b4f1f058-ce5f-4d4b-994e-fcd801becf5a	2026-08-04	local-parser	웹/앱 프런트 및 백엔드 프로그래머를 모십니다.	㈜폴리큐브	added	서울 강남구
https://www.saramin.co.kr/zf_user/jobs/relay/view?view_type=search&rec_idx=54557021&location=ts&searchword=Kotlin+Spring+%EB%B0%B1%EC%97%94%EB%93%9C&searchType=search&paid_fl=n&search_uuid=b4f1f058-ce5f-4d4b-994e-fcd801becf5a	2026-08-04	local-parser	[핀테크] Java/Kotlin 백엔드 개발자 채용공고	(주)핀테크	added	서울 영등포구
https://www.saramin.co.kr/zf_user/jobs/relay/view?view_type=search&rec_idx=54546766&location=ts&searchword=Kotlin+Spring+%EB%B0%B1%EC%97%94%EB%93%9C&searchType=search&paid_fl=n&search_uuid=b4f1f058-ce5f-4d4b-994e-fcd801becf5a	2026-08-04	local-parser	음악 서비스 백엔드 서버 개발자 채용	(주)드림어스컴퍼니	added	서울 강남구
https://www.saramin.co.kr/zf_user/jobs/relay/view?view_type=search&rec_idx=54546753&location=ts&searchword=Kotlin+Spring+%EB%B0%B1%EC%97%94%EB%93%9C&searchType=search&paid_fl=n&search_uuid=b4f1f058-ce5f-4d4b-994e-fcd801becf5a	2026-08-04	local-parser	콘텐츠 플랫폼 백엔드 개발(3년 이상)	(주)드림어스컴퍼니	added	서울 강남구
https://www.saramin.co.kr/zf_user/jobs/relay/view?view_type=search&rec_idx=54545914&location=ts&searchword=Kotlin+Spring+%EB%B0%B1%EC%97%94%EB%93%9C&searchType=search&paid_fl=n&search_uuid=b4f1f058-ce5f-4d4b-994e-fcd801becf5a	2026-08-04	local-parser	[STL] 스타트투데이 백엔드 개발자 채용	(주)에스티엘	added	서울 강서구
https://www.saramin.co.kr/zf_user/jobs/relay/view?view_type=search&rec_idx=54541308&location=ts&searchword=Kotlin+Spring+%EB%B0%B1%EC%97%94%EB%93%9C&searchType=search&paid_fl=n&search_uuid=b4f1f058-ce5f-4d4b-994e-fcd801becf5a	2026-08-04	local-parser	백엔드 서비스 개발 및 유지보수 인력 채용(신입/경력)	(주)스마트엠투엠	added	부산 해운대구
https://www.saramin.co.kr/zf_user/jobs/relay/view?view_type=search&rec_idx=54536061&location=ts&searchword=Kotlin+Spring+%EB%B0%B1%EC%97%94%EB%93%9C&searchType=search&paid_fl=n&search_uuid=b4f1f058-ce5f-4d4b-994e-fcd801becf5a	2026-08-04	local-parser	백엔드 개발자 채용	(주)홀빅	added	서울 송파구
https://cafe.naver.com/f-e/cafes/31258781/articles/36497	2026-08-11	naver-cafe-api	[경력] ~상시 / 화이트큐브 - [챌린저스] 백엔드 개발자(Web Scraping)	Naver Cafe Workhub p4	added	
https://cafe.naver.com/f-e/cafes/31258781/articles/36487	2026-08-11	naver-cafe-api	[신입 및 경력] ~상시 / 스키프 - 풀스택 개발자 (백엔드·인프라 중심 / 0~5년)	Naver Cafe Workhub p4	added	
https://cafe.naver.com/f-e/cafes/31258781/articles/36480	2026-08-11	naver-cafe-api	[경력] ~상시 / 판옵티콘 - 백엔드 개발 / 서비스 기획·설계 담당	Naver Cafe Workhub p4	added	
https://cafe.naver.com/f-e/cafes/31258781/articles/36584	2026-08-11	naver-cafe-api	[경력] ~상시 / 넥스트증권 - Backend Engineer (Market Data)	Naver Cafe Workhub	added	
https://cafe.naver.com/f-e/cafes/31258781/articles/36471	2026-08-11	naver-cafe-api	[경력] ~상시 / 넵튠 - 엔플라이유닛(무한의 계단) 백엔드개발자 채용	Naver Cafe Workhub p5	added	
https://cafe.naver.com/f-e/cafes/31258781/articles/36458	2026-08-11	naver-cafe-api	[경력] ~26.09.30 / 슈프리마 - 웹서버 개발자	Naver Cafe Workhub p5	added	
https://cafe.naver.com/f-e/cafes/31258781/articles/36546	2026-08-11	naver-cafe-api	[경력] ~상시 / 에이지엘(주) - 백엔드 개발자 (Back-end)	Naver Cafe Workhub p2	added	
https://www.jumpit.co.kr/position/54717551	2026-08-11	local-parser	백엔드 개발자	와탭랩스	added	서울
https://www.jumpit.co.kr/position/54716498	2026-08-11	local-parser	백엔드 개발자	핀다	added	서울
https://www.jumpit.co.kr/position/54709947	2026-08-11	local-parser	백엔드 개발자 채용	엑스페릭스	added	서울
https://www.jumpit.co.kr/position/54697478	2026-08-11	local-parser	Web Backend Engineer 채용	디오에프	added	서울
https://www.jumpit.co.kr/position/54694609	2026-08-11	local-parser	백엔드 개발자 (3년 이상)	이노버스	added	서울
https://www.jumpit.co.kr/position/54682464	2026-08-11	local-parser	Back-End 경력사원 채용	하마랩	added	서울
https://www.jumpit.co.kr/position/54678333	2026-08-11	local-parser	클라우드/가상화 관리 시스템 백엔드 개발자	나무기술	added	서울
https://www.jumpit.co.kr/position/54634029	2026-08-11	local-parser	백엔드 개발자	패스트레인	added	서울
https://www.wanted.co.kr/wd/380226	2026-08-11	local-parser	백엔드 엔지니어 (미들급, 3년차 이상)	빅크(BIGC)	added	서울
https://www.wanted.co.kr/wd/380167	2026-08-11	local-parser	Backend Engineer	케이존	added	경기
https://www.wanted.co.kr/wd/380102	2026-08-11	local-parser	백엔드 개발자	핀다(FINDA)	added	서울
https://www.wanted.co.kr/wd/379696	2026-08-11	local-parser	백엔드 개발자 (Back-end)	에이지엘	added	서울
https://www.wanted.co.kr/wd/379686	2026-08-11	local-parser	서버 엔지니어 (Kotlin/Spring)	페이히어	added	서울
https://www.wanted.co.kr/wd/379643	2026-08-11	local-parser	백엔드 개발자 (3년 이상 / Django, FastAPI)	데이터뱅크	added	서울
https://www.wanted.co.kr/wd/379581	2026-08-11	local-parser	Back-end Engineer (CRM)	아임웹	added	서울
https://www.wanted.co.kr/wd/379378	2026-08-11	local-parser	[챌린저스] 백엔드 개발자(Web Scraping)	화이트큐브	added	서울
https://www.wanted.co.kr/wd/379278	2026-08-11	local-parser	백엔드 개발 / 서비스 기획·설계 담당	판옵티콘	added	서울
https://www.wanted.co.kr/wd/379246	2026-08-11	local-parser	[글로벌 SaaS] Java/Spring Boot 백엔드 개발자 (3~8년)	윈큐브마케팅	added	서울
https://www.wanted.co.kr/wd/379194	2026-08-11	local-parser	웹서버 개발자	슈프리마	added	경기
https://www.wanted.co.kr/wd/379010	2026-08-11	local-parser	백엔드 개발자	뉴메스(NewMesInc.)	added	서울
https://www.wanted.co.kr/wd/379001	2026-08-11	local-parser	백엔드 개발자 (3년 ~ 7년)	컴포랩스	added	서울
https://www.wanted.co.kr/wd/378907	2026-08-11	local-parser	엔플라이유닛(무한의 계단) 백엔드개발자	넵튠(Neptune)	added	서울
https://www.wanted.co.kr/wd/378894	2026-08-11	local-parser	백엔드 서비스 개발 (3년 이상)	마카롱팩토리(마이클)	added	경기
https://www.wanted.co.kr/wd/378867	2026-08-11	local-parser	백엔드 개발자 (3년 이상)	리브리티 (Libryty)	added	서울
https://www.wanted.co.kr/wd/378752	2026-08-11	local-parser	백엔드 개발자	투바이트	added	경기
https://www.wanted.co.kr/wd/378643	2026-08-11	local-parser	Backend (Python) 개발자	씨메스로보틱스	added	서울
https://www.saramin.co.kr/zf_user/jobs/relay/view?view_type=search&rec_idx=54717551&location=ts&searchword=%EB%B0%B1%EC%97%94%EB%93%9C+Java+Spring&searchType=search&paid_fl=n&search_uuid=ac3e51fa-f71b-4715-8367-fc93449ab93e	2026-08-11	local-parser	백엔드 개발자	(주)와탭랩스	added	서울 서초구
https://www.saramin.co.kr/zf_user/jobs/relay/view?view_type=search&rec_idx=54717051&location=ts&searchword=%EB%B0%B1%EC%97%94%EB%93%9C+Java+Spring&searchType=search&paid_fl=n&search_uuid=ac3e51fa-f71b-4715-8367-fc93449ab93e	2026-08-11	local-parser	백엔드 개발자 공고[경력]	주식회사 스마트코어	added	서울 금천구
https://www.saramin.co.kr/zf_user/jobs/relay/view?view_type=search&rec_idx=54716719&location=ts&searchword=%EB%B0%B1%EC%97%94%EB%93%9C+Java+Spring&searchType=search&paid_fl=n&search_uuid=ac3e51fa-f71b-4715-8367-fc93449ab93e	2026-08-11	local-parser	[KG파이낸셜] 플랫폼개발팀 백엔드개발자 경력 채용	(주)케이지파이낸셜	added	서울 중구
https://www.saramin.co.kr/zf_user/jobs/relay/view?view_type=search&rec_idx=54716498&location=ts&searchword=%EB%B0%B1%EC%97%94%EB%93%9C+Java+Spring&searchType=search&paid_fl=n&search_uuid=ac3e51fa-f71b-4715-8367-fc93449ab93e	2026-08-11	local-parser	백엔드 개발자	(주)핀다	added	서울 강남구
https://www.saramin.co.kr/zf_user/jobs/relay/view?view_type=search&rec_idx=54716336&location=ts&searchword=%EB%B0%B1%EC%97%94%EB%93%9C+Java+Spring&searchType=search&paid_fl=n&search_uuid=ac3e51fa-f71b-4715-8367-fc93449ab93e	2026-08-11	local-parser	(주)프리케어솔루션 백엔드 개발자 채용 공고	(주)프리케어솔루션	added	서울 금천구
https://www.saramin.co.kr/zf_user/jobs/relay/view?view_type=search&rec_idx=54716006&location=ts&searchword=%EB%B0%B1%EC%97%94%EB%93%9C+Java+Spring&searchType=search&paid_fl=n&search_uuid=ac3e51fa-f71b-4715-8367-fc93449ab93e	2026-08-11	local-parser	[이지팩토리] JAVA 웹 개발자 경력직 채용 공고	이지팩토리(주)	added	서울 마포구
https://www.saramin.co.kr/zf_user/jobs/relay/view?view_type=search&rec_idx=54715841&location=ts&searchword=%EB%B0%B1%EC%97%94%EB%93%9C+Java+Spring&searchType=search&paid_fl=n&search_uuid=ac3e51fa-f71b-4715-8367-fc93449ab93e	2026-08-11	local-parser	(주)혁산정보시스템 JAVA 기반 백엔드 개발자	(주)혁산정보시스템	added	서울 영등포구
https://www.saramin.co.kr/zf_user/jobs/relay/view?view_type=search&rec_idx=54714894&location=ts&searchword=%EB%B0%B1%EC%97%94%EB%93%9C+Java+Spring&searchType=search&paid_fl=n&search_uuid=ac3e51fa-f71b-4715-8367-fc93449ab93e	2026-08-11	local-parser	(주)엔텔스 백엔드 개발자 채용 (경력)	(주)엔텔스	added	경기 이천시
https://www.saramin.co.kr/zf_user/jobs/relay/view?view_type=search&rec_idx=54714231&location=ts&searchword=%EB%B0%B1%EC%97%94%EB%93%9C+Java+Spring&searchType=search&paid_fl=n&search_uuid=ac3e51fa-f71b-4715-8367-fc93449ab93e	2026-08-11	local-parser	인공지능 시스템 백엔드 서버 개발자 채용	아일리스프런티어(주)	added	서울 중구
https://www.saramin.co.kr/zf_user/jobs/relay/view?view_type=search&rec_idx=54712874&location=ts&searchword=%EB%B0%B1%EC%97%94%EB%93%9C+Java+Spring&searchType=search&paid_fl=n&search_uuid=ac3e51fa-f71b-4715-8367-fc93449ab93e	2026-08-11	local-parser	[주식회사 흰곰] 백엔드 개발자 (5년 이상 ~ 10년 이하)	(주)흰곰	added	서울 금천구
https://www.saramin.co.kr/zf_user/jobs/relay/view?view_type=search&rec_idx=54711575&location=ts&searchword=%EB%B0%B1%EC%97%94%EB%93%9C+Java+Spring&searchType=search&paid_fl=n&search_uuid=ac3e51fa-f71b-4715-8367-fc93449ab93e	2026-08-11	local-parser	[EUDR 고도화] Java/Spring/Vue.js 웹 개발자 모집 (중급,4개월)	(주)이머스	added	서울 중구
https://www.saramin.co.kr/zf_user/jobs/relay/view?view_type=search&rec_idx=54710269&location=ts&searchword=%EB%B0%B1%EC%97%94%EB%93%9C+Java+Spring&searchType=search&paid_fl=n&search_uuid=ac3e51fa-f71b-4715-8367-fc93449ab93e	2026-08-11	local-parser	[경력] 백엔드 서버 개발자 채용	(주)오픈웍스	added	경기 남양주시
https://www.saramin.co.kr/zf_user/jobs/relay/view?view_type=search&rec_idx=54709876&location=ts&searchword=%EB%B0%B1%EC%97%94%EB%93%9C+Java+Spring&searchType=search&paid_fl=n&search_uuid=ac3e51fa-f71b-4715-8367-fc93449ab93e	2026-08-11	local-parser	[NHN Cloud] PaaS 백엔드 개발	엔에이치엔클라우드(주)	added	경기 성남시 분당구
https://www.saramin.co.kr/zf_user/jobs/relay/view?view_type=search&rec_idx=54707267&location=ts&searchword=%EB%B0%B1%EC%97%94%EB%93%9C+Java+Spring&searchType=search&paid_fl=n&search_uuid=ac3e51fa-f71b-4715-8367-fc93449ab93e	2026-08-11	local-parser	응용프로그램 개발자(JAVA, Nuxt, API )	코리아티피 주식회사	added	서울 구로구
https://www.saramin.co.kr/zf_user/jobs/relay/view?view_type=search&rec_idx=54705014&location=ts&searchword=%EB%B0%B1%EC%97%94%EB%93%9C+Java+Spring&searchType=search&paid_fl=n&search_uuid=ac3e51fa-f71b-4715-8367-fc93449ab93e	2026-08-11	local-parser	사내 시스템 개발 및 운영(백엔드)/AI 기반 도구를 활용/게임사	(주)에이치알비즈코리아	added	경기 성남시 분당구
https://www.saramin.co.kr/zf_user/jobs/relay/view?view_type=search&rec_idx=54705008&location=ts&searchword=%EB%B0%B1%EC%97%94%EB%93%9C+Java+Spring&searchType=search&paid_fl=n&search_uuid=ac3e51fa-f71b-4715-8367-fc93449ab93e	2026-08-11	local-parser	AI 도구 활용/사내 시스템 개발 및 운영(Back-End)/세계적게임사	(주)에이치알비즈코리아	added	경기 성남시 분당구
https://www.saramin.co.kr/zf_user/jobs/relay/view?view_type=search&rec_idx=54704692&location=ts&searchword=%EB%B0%B1%EC%97%94%EB%93%9C+Java+Spring&searchType=search&paid_fl=n&search_uuid=ac3e51fa-f71b-4715-8367-fc93449ab93e	2026-08-11	local-parser	[판교/글로벌기업] 백엔드 개발자 (Java/팀원)	(주)이파피루스	added	경기 성남시 분당구
https://www.saramin.co.kr/zf_user/jobs/relay/view?view_type=search&rec_idx=54703498&location=ts&searchword=%EB%B0%B1%EC%97%94%EB%93%9C+Java+Spring&searchType=search&paid_fl=n&search_uuid=ac3e51fa-f71b-4715-8367-fc93449ab93e	2026-08-11	local-parser	[코맥스] 연구소 서버팀 채용	(주)코맥스	added	경기 성남시 중원구
https://www.saramin.co.kr/zf_user/jobs/relay/view?view_type=search&rec_idx=54698506&location=ts&searchword=Java+Backend+Engineer&searchType=search&paid_fl=n&search_uuid=81e37047-e2d8-447d-bd4e-ba2841864771	2026-08-11	local-parser	[하이브랩] Java / Spring 백엔드 개발자 채용 (6년 이상)	(주)하이브랩	added	경기 성남시 분당구
https://www.saramin.co.kr/zf_user/jobs/relay/view?view_type=search&rec_idx=54695866&location=ts&searchword=Java+Backend+Engineer&searchType=search&paid_fl=n&search_uuid=81e37047-e2d8-447d-bd4e-ba2841864771	2026-08-11	local-parser	[네이버웹툰] Applied AI Backend Engineer (경력)	네이버웹툰(유)	added	경기 성남시 분당구
https://www.saramin.co.kr/zf_user/jobs/relay/view?view_type=search&rec_idx=54689660&location=ts&searchword=Java+Backend+Engineer&searchType=search&paid_fl=n&search_uuid=81e37047-e2d8-447d-bd4e-ba2841864771	2026-08-11	local-parser	대규모 트래픽과 데이터의 흐름을 설계하는 Backend Engineer	코리아써치	added	서울 강남구
https://www.saramin.co.kr/zf_user/jobs/relay/view?view_type=search&rec_idx=54683671&location=ts&searchword=Java+Backend+Engineer&searchType=search&paid_fl=n&search_uuid=81e37047-e2d8-447d-bd4e-ba2841864771	2026-08-11	local-parser	백엔드 개발자 담당자 모집	에스엘라이프(주)	added	서울 성동구
https://www.saramin.co.kr/zf_user/jobs/relay/view?view_type=search&rec_idx=54678957&location=ts&searchword=Java+Backend+Engineer&searchType=search&paid_fl=n&search_uuid=81e37047-e2d8-447d-bd4e-ba2841864771	2026-08-11	local-parser	Backend Engineer(Trading Platform)	넥스트증권(주)	added	서울 영등포구
https://www.saramin.co.kr/zf_user/jobs/relay/view?view_type=search&rec_idx=54678797&location=ts&searchword=Java+Backend+Engineer&searchType=search&paid_fl=n&search_uuid=81e37047-e2d8-447d-bd4e-ba2841864771	2026-08-11	local-parser	Backend Engineer (Market Data)	넥스트증권(주)	added	서울 영등포구
https://www.saramin.co.kr/zf_user/jobs/relay/view?view_type=search&rec_idx=54671743&location=ts&searchword=Java+Backend+Engineer&searchType=search&paid_fl=n&search_uuid=81e37047-e2d8-447d-bd4e-ba2841864771	2026-08-11	local-parser	[다우키움 계열사] AI 활용 시스템 백엔드 개발자 (4년 이상)	(주)키다리스튜디오	added	서울 성동구
https://www.saramin.co.kr/zf_user/jobs/relay/view?view_type=search&rec_idx=54671734&location=ts&searchword=Java+Backend+Engineer&searchType=search&paid_fl=n&search_uuid=81e37047-e2d8-447d-bd4e-ba2841864771	2026-08-11	local-parser	[다우키움 계열사] 사내 정산 시스템 백엔드 개발자 (7년 이상)	(주)키다리스튜디오	added	서울 성동구
https://www.saramin.co.kr/zf_user/jobs/relay/view?view_type=search&rec_idx=54701958&location=ts&searchword=Kotlin+Spring+%EB%B0%B1%EC%97%94%EB%93%9C&searchType=search&paid_fl=n&search_uuid=a8acaa76-e32d-451a-9c21-6291d5f6d9c0	2026-08-11	local-parser	[주식회사 소서티] 웹 서비스 백엔드 개발자 모집	(주)소서티	added	서울 서초구
https://www.saramin.co.kr/zf_user/jobs/relay/view?view_type=search&rec_idx=54693399&location=ts&searchword=Kotlin+Spring+%EB%B0%B1%EC%97%94%EB%93%9C&searchType=search&paid_fl=n&search_uuid=a8acaa76-e32d-451a-9c21-6291d5f6d9c0	2026-08-11	local-parser	웹/앱 프런트 및 백엔드 프로그래머를 모십니다.	㈜폴리큐브	added	서울 강남구
https://www.saramin.co.kr/zf_user/jobs/relay/view?view_type=search&rec_idx=54685904&location=ts&searchword=Kotlin+Spring+%EB%B0%B1%EC%97%94%EB%93%9C&searchType=search&paid_fl=n&search_uuid=a8acaa76-e32d-451a-9c21-6291d5f6d9c0	2026-08-11	local-parser	[설로인] 백엔드 개발자	설로인(주)	added	경기 군포시
https://www.saramin.co.kr/zf_user/jobs/relay/view?view_type=search&rec_idx=54674315&location=ts&searchword=Kotlin+Spring+%EB%B0%B1%EC%97%94%EB%93%9C&searchType=search&paid_fl=n&search_uuid=a8acaa76-e32d-451a-9c21-6291d5f6d9c0	2026-08-11	local-parser	AI GEO 플랫폼 백엔드 개발	HR컨설팅(주)	added	서울 강남구
https://www.saramin.co.kr/zf_user/jobs/relay/view?view_type=search&rec_idx=54674116&location=ts&searchword=Kotlin+Spring+%EB%B0%B1%EC%97%94%EB%93%9C&searchType=search&paid_fl=n&search_uuid=a8acaa76-e32d-451a-9c21-6291d5f6d9c0	2026-08-11	local-parser	서버 개발자 - 시니어/미성년 사용자 전용 서비스	(주)카카오페이	added	경기 성남시 분당구
https://www.saramin.co.kr/zf_user/jobs/relay/view?view_type=search&rec_idx=54674097&location=ts&searchword=Kotlin+Spring+%EB%B0%B1%EC%97%94%EB%93%9C&searchType=search&paid_fl=n&search_uuid=a8acaa76-e32d-451a-9c21-6291d5f6d9c0	2026-08-11	local-parser	[스테이블코인] 서버 개발자 - 스테이블코인 발행 & 유통	(주)카카오페이	added	경기 성남시 분당구
https://www.saramin.co.kr/zf_user/jobs/relay/view?view_type=search&rec_idx=54674095&location=ts&searchword=Kotlin+Spring+%EB%B0%B1%EC%97%94%EB%93%9C&searchType=search&paid_fl=n&search_uuid=a8acaa76-e32d-451a-9c21-6291d5f6d9c0	2026-08-11	local-parser	서버 개발자 - 결제 서비스	(주)카카오페이	added	경기 성남시 분당구
https://www.saramin.co.kr/zf_user/jobs/relay/view?view_type=search&rec_idx=54671925&location=ts&searchword=Kotlin+Spring+%EB%B0%B1%EC%97%94%EB%93%9C&searchType=search&paid_fl=n&search_uuid=a8acaa76-e32d-451a-9c21-6291d5f6d9c0	2026-08-11	local-parser	(주)에버라인에서 앱 서비스 백엔드/서버 개발자 구합니다.	(주)에버라인	added	서울 강서구
https://www.saramin.co.kr/zf_user/jobs/relay/view?view_type=search&rec_idx=54662480&location=ts&searchword=Kotlin+Spring+%EB%B0%B1%EC%97%94%EB%93%9C&searchType=search&paid_fl=n&search_uuid=a8acaa76-e32d-451a-9c21-6291d5f6d9c0	2026-08-11	local-parser	서버/백엔드 개발자 채용(5년이상~)	(주)무브먼츠	added	대전 동구
https://www.saramin.co.kr/zf_user/jobs/relay/view?view_type=search&rec_idx=54659637&location=ts&searchword=Kotlin+Spring+%EB%B0%B1%EC%97%94%EB%93%9C&searchType=search&paid_fl=n&search_uuid=a8acaa76-e32d-451a-9c21-6291d5f6d9c0	2026-08-11	local-parser	MOVV 개발자 신규채용 [백엔드]	(주)무브	added	전남광주 북구
https://www.saramin.co.kr/zf_user/jobs/relay/view?view_type=search&rec_idx=54659040&location=ts&searchword=Kotlin+Spring+%EB%B0%B1%EC%97%94%EB%93%9C&searchType=search&paid_fl=n&search_uuid=a8acaa76-e32d-451a-9c21-6291d5f6d9c0	2026-08-11	local-parser	Backend Engineer(5년 이상)	(주)콜로세움코퍼레이션	added	서울 강남구
https://www.saramin.co.kr/zf_user/jobs/relay/view?view_type=search&rec_idx=54656398&location=ts&searchword=Kotlin+Spring+%EB%B0%B1%EC%97%94%EB%93%9C&searchType=search&paid_fl=n&search_uuid=a8acaa76-e32d-451a-9c21-6291d5f6d9c0	2026-08-11	local-parser	[CJ 4DPLEX] Backend 개발자 모집	씨제이포디플렉스(주)	added	서울 마포구
https://www.saramin.co.kr/zf_user/jobs/relay/view?view_type=search&rec_idx=54652897&location=ts&searchword=Kotlin+Spring+%EB%B0%B1%EC%97%94%EB%93%9C&searchType=search&paid_fl=n&search_uuid=a8acaa76-e32d-451a-9c21-6291d5f6d9c0	2026-08-11	local-parser	백엔드 개발자 (3년 이상)	주식회사리브리티(LibrytyInc.)	added	서울 성북구
https://www.saramin.co.kr/zf_user/jobs/relay/view?view_type=search&rec_idx=54639030&location=ts&searchword=Kotlin+Spring+%EB%B0%B1%EC%97%94%EB%93%9C&searchType=search&paid_fl=n&search_uuid=a8acaa76-e32d-451a-9c21-6291d5f6d9c0	2026-08-11	local-parser	[경력] 백엔드(Back-End) 개발자 채용	(주)업사이트	added	서울 마포구
https://www.saramin.co.kr/zf_user/jobs/relay/view?view_type=search&rec_idx=54637764&location=ts&searchword=Kotlin+Spring+%EB%B0%B1%EC%97%94%EB%93%9C&searchType=search&paid_fl=n&search_uuid=a8acaa76-e32d-451a-9c21-6291d5f6d9c0	2026-08-11	local-parser	백엔드 개발자 (5-10년)	(주)더스윙	added	서울 종로구
https://www.saramin.co.kr/zf_user/jobs/relay/view?view_type=search&rec_idx=54610147&location=ts&searchword=Kotlin+Spring+%EB%B0%B1%EC%97%94%EB%93%9C&searchType=search&paid_fl=n&search_uuid=a8acaa76-e32d-451a-9c21-6291d5f6d9c0	2026-08-11	local-parser	(주)케이사인 백엔드 개발자와 함께 성장해요	(주)케이사인	added	경기 과천시
https://www.saramin.co.kr/zf_user/jobs/relay/view?view_type=search&rec_idx=54595087&location=ts&searchword=Kotlin+Spring+%EB%B0%B1%EC%97%94%EB%93%9C&searchType=search&paid_fl=n&search_uuid=a8acaa76-e32d-451a-9c21-6291d5f6d9c0	2026-08-11	local-parser	인공지능 의료 진단 솔루션 백엔드 개발자	(주)아이도트	added	서울 송파구
https://zighang.com/recruitment/276646be-bb51-43c5-a044-1e26f24ebce4	2026-08-11	local-parser	검색 & 추천 _ 백엔드 엔지니어 (전문 연구 요원 가능) 채용	버즈니	added	
https://zighang.com/recruitment/b49d10a0-021c-4664-9392-628062386aa3	2026-08-11	local-parser	서울대학교 이라운지 레스토랑/웨딩홀 홀 서버 채용 채용	CJ프레시웨이	added	
https://www.jumpit.co.kr/position/54924502	2026-09-03	local-parser	백엔드 개발자 채용	뷰리드 강남오피스	added	서울					뷰리드 강남오피스
https://www.jumpit.co.kr/position/54908188	2026-09-03	local-parser	Java 백엔드 개발자 [경력 1~8년]	제네시스네스트	added	서울					제네시스네스트
https://www.wanted.co.kr/wd/384493	2026-09-03	local-parser	백엔드 (Backend) 개발자	빅케어	added	서울					빅케어
https://www.wanted.co.kr/wd/384247	2026-09-03	local-parser	백엔드 개발자(3년 이하)	스터닝	added	서울					스터닝
https://www.wanted.co.kr/wd/384151	2026-09-03	local-parser	암호화폐 거래소 백엔드 개발자 (7년 이상)	디라티오	added	서울					디라티오
https://www.wanted.co.kr/wd/384120	2026-09-03	local-parser	[웰다] Product Engineer_BackEnd 파트 3년 이상	엠서클	added	서울					엠서클
https://www.wanted.co.kr/wd/384093	2026-09-03	local-parser	Airflow / Python 개발자	위밋모빌리티	added	서울					위밋모빌리티
https://www.wanted.co.kr/wd/384071	2026-09-03	local-parser	백엔드 개발자 (1~3년) [역삼역]	모멘티	added	서울					모멘티
https://www.wanted.co.kr/wd/384070	2026-09-03	local-parser	백엔드 개발자 (4~10년) [역삼역]	모멘티	added	서울					모멘티
https://www.wanted.co.kr/wd/383989	2026-09-03	local-parser	AI Backend Engineer (Document AI)	인핸스(Enhans)	added	서울					인핸스
https://www.wanted.co.kr/wd/383861	2026-09-03	local-parser	[쿠팡] 백엔드 개발자 (Orchestration Platform)	쿠팡	added	서울					쿠팡
https://www.wanted.co.kr/wd/383855	2026-09-03	local-parser	백엔드 개발자	닥터프레소	added	서울					닥터프레소
https://www.wanted.co.kr/wd/383780	2026-09-03	local-parser	Java 백엔드 개발자 (1년~8년)	제네시스네스트	added	경기					제네시스네스트
https://www.wanted.co.kr/wd/383634	2026-09-03	local-parser	백엔드 엔지니어(B2B 연동/플랫폼) 10년 이상	카테노이드	added	서울					카테노이드
https://www.wanted.co.kr/wd/383518	2026-09-03	local-parser	백엔드 개발자 (Java/Kotlin)	헤리트	added	경기					헤리트
https://www.wanted.co.kr/wd/384500	2026-09-03	local-parser	백엔드_Ops Engineering (5년이하)	사줘	added	경기					사줘
https://www.wanted.co.kr/wd/384490	2026-09-03	local-parser	Data Engineer - 2년 이상	샵라이브	added	서울					샵라이브
https://www.wanted.co.kr/wd/384432	2026-09-03	local-parser	[보닥] JAVA Backend Engineer (10~12년)	아이지넷(보닥)	added	서울					아이지넷
https://www.wanted.co.kr/wd/384339	2026-09-03	local-parser	[대형통신사] Data Platform Engineer 8년 이상	이그레브	added	서울					이그레브
https://www.saramin.co.kr/zf_user/jobs/relay/view?view_type=search&rec_idx=54932973&location=ts&searchword=%EB%B0%B1%EC%97%94%EB%93%9C+Java+Spring&searchType=search&paid_fl=n&search_uuid=1c51cfdd-f3cd-42e6-8760-9b320892c709	2026-09-03	local-parser	국내 대기업 계열사 - 백엔드 개발 경력자(과장-부장)	주식회사라피플코리아리미티드	added	서울 강남구					주식회사라피플코리아리미티드
https://www.saramin.co.kr/zf_user/jobs/relay/view?view_type=search&rec_idx=54932924&location=ts&searchword=%EB%B0%B1%EC%97%94%EB%93%9C+Java+Spring&searchType=search&paid_fl=n&search_uuid=1c51cfdd-f3cd-42e6-8760-9b320892c709	2026-09-03	local-parser	[블룸에이아이] 백엔드 개발자 경력직 채용 (5년이상)	(주)블룸에이아이	added	서울 중구					블룸에이아이
https://www.saramin.co.kr/zf_user/jobs/relay/view?view_type=search&rec_idx=54932839&location=ts&searchword=%EB%B0%B1%EC%97%94%EB%93%9C+Java+Spring&searchType=search&paid_fl=n&search_uuid=1c51cfdd-f3cd-42e6-8760-9b320892c709	2026-09-03	local-parser	[이천,긴급] 초급 개발자 모집 ( Spring Boot)	(주)밀리언웨어	added	경기 이천시					밀리언웨어
https://www.saramin.co.kr/zf_user/jobs/relay/view?view_type=search&rec_idx=54932275&location=ts&searchword=%EB%B0%B1%EC%97%94%EB%93%9C+Java+Spring&searchType=search&paid_fl=n&search_uuid=1c51cfdd-f3cd-42e6-8760-9b320892c709	2026-09-03	local-parser	서버 개발자 - 대출 중개/신용관리 서비스	(주)카카오페이	added	경기 성남시 분당구					카카오페이
https://www.saramin.co.kr/zf_user/jobs/relay/view?view_type=search&rec_idx=54931544&location=ts&searchword=%EB%B0%B1%EC%97%94%EB%93%9C+Java+Spring&searchType=search&paid_fl=n&search_uuid=1c51cfdd-f3cd-42e6-8760-9b320892c709	2026-09-03	local-parser	[대구] 더블엠소셜컴퍼니 백엔드 개발자 경력 채용	(주)더블엠소셜컴퍼니	added	대구 동구					더블엠소셜컴퍼니
https://www.saramin.co.kr/zf_user/jobs/relay/view?view_type=search&rec_idx=54931478&location=ts&searchword=%EB%B0%B1%EC%97%94%EB%93%9C+Java+Spring&searchType=search&paid_fl=n&search_uuid=1c51cfdd-f3cd-42e6-8760-9b320892c709	2026-09-03	local-parser	[백엔드] 백엔드 개발자 채용	(주)넥사코드	added	서울 금천구					넥사코드
https://www.saramin.co.kr/zf_user/jobs/relay/view?view_type=search&rec_idx=54928451&location=ts&searchword=%EB%B0%B1%EC%97%94%EB%93%9C+Java+Spring&searchType=search&paid_fl=n&search_uuid=1c51cfdd-f3cd-42e6-8760-9b320892c709	2026-09-03	local-parser	[청년디지털일자리]2026년 상반기 Java 기반 EAI 개발자	인스피언(주)	added	서울 금천구					인스피언
https://www.saramin.co.kr/zf_user/jobs/relay/view?view_type=search&rec_idx=54926019&location=ts&searchword=%EB%B0%B1%EC%97%94%EB%93%9C+Java+Spring&searchType=search&paid_fl=n&search_uuid=1c51cfdd-f3cd-42e6-8760-9b320892c709	2026-09-03	local-parser	[핀테크 스타트업] 서버 개발자(Backend) 채용	석세스모드	added	서울 서초구					석세스모드
https://www.saramin.co.kr/zf_user/jobs/relay/view?view_type=search&rec_idx=54925440&location=ts&searchword=%EB%B0%B1%EC%97%94%EB%93%9C+Java+Spring&searchType=search&paid_fl=n&search_uuid=1c51cfdd-f3cd-42e6-8760-9b320892c709	2026-09-03	local-parser	사내 시스템 개발 및 운영(Back-End)/AI도구/세계적인 게임사	(주)에이치알비즈코리아	added	경기 성남시 분당구					에이치알비즈코리아
https://www.saramin.co.kr/zf_user/jobs/relay/view?view_type=search&rec_idx=54920813&location=ts&searchword=%EB%B0%B1%EC%97%94%EB%93%9C+Java+Spring&searchType=search&paid_fl=n&search_uuid=1c51cfdd-f3cd-42e6-8760-9b320892c709	2026-09-03	local-parser	[토트] Backend Developer 채용	(주)토트	added	경기 하남시					토트
https://www.saramin.co.kr/zf_user/jobs/relay/view?view_type=search&rec_idx=54920653&location=ts&searchword=%EB%B0%B1%EC%97%94%EB%93%9C+Java+Spring&searchType=search&paid_fl=n&search_uuid=1c51cfdd-f3cd-42e6-8760-9b320892c709	2026-09-03	local-parser	[구로] Java 개발자 (AI프레임워크 기반) 채용	위킵 주식회사	added	서울 구로구					위킵 주식회사
https://www.saramin.co.kr/zf_user/jobs/relay/view?view_type=search&rec_idx=54931305&location=ts&searchword=Java+Backend+Engineer&searchType=search&paid_fl=n&search_uuid=311e1332-da05-4dbb-a6eb-c287ced83039	2026-09-03	local-parser	[서울/상주]Elastic Search/Java 개발자 경력 채용 공고	(주)아크론	added	경기 성남시 분당구					아크론
https://www.saramin.co.kr/zf_user/jobs/relay/view?view_type=search&rec_idx=54919922&location=ts&searchword=Java+Backend+Engineer&searchType=search&paid_fl=n&search_uuid=311e1332-da05-4dbb-a6eb-c287ced83039	2026-09-03	local-parser	Backend 개발자 채용 (AWS Backend Develope)	㈜프랭클린테크놀로지	added	서울 금천구					프랭클린테크놀로지
https://www.saramin.co.kr/zf_user/jobs/relay/view?view_type=search&rec_idx=54918815&location=ts&searchword=Java+Backend+Engineer&searchType=search&paid_fl=n&search_uuid=311e1332-da05-4dbb-a6eb-c287ced83039	2026-09-03	local-parser	[비즈톡(주)] 웹,서버 개발 부문 채용	비즈톡(주)	added	서울 강남구					비즈톡
https://www.saramin.co.kr/zf_user/jobs/relay/view?view_type=search&rec_idx=54899271&location=ts&searchword=Java+Backend+Engineer&searchType=search&paid_fl=n&search_uuid=311e1332-da05-4dbb-a6eb-c287ced83039	2026-09-03	local-parser	JAVA 개발자 채용(유지보수 · 기능개선)	(주)이즈파크	added	서울 금천구					이즈파크
https://www.saramin.co.kr/zf_user/jobs/relay/view?view_type=search&rec_idx=54895471&location=ts&searchword=Java+Backend+Engineer&searchType=search&paid_fl=n&search_uuid=311e1332-da05-4dbb-a6eb-c287ced83039	2026-09-03	local-parser	백엔드 개발자 (Java/Kotlin) 채용	(주)헤리트	added	경기 성남시 분당구					헤리트
https://www.saramin.co.kr/zf_user/jobs/relay/view?view_type=search&rec_idx=54902096&location=ts&searchword=Kotlin+Spring+%EB%B0%B1%EC%97%94%EB%93%9C&searchType=search&paid_fl=n&search_uuid=0630b424-ad52-42cc-af85-a566cc753e0d	2026-09-03	local-parser	PG 백엔드 개발자 채용	(주)홀빅	added	서울 송파구					홀빅
https://www.saramin.co.kr/zf_user/jobs/relay/view?view_type=search&rec_idx=54881407&location=ts&searchword=Kotlin+Spring+%EB%B0%B1%EC%97%94%EB%93%9C&searchType=search&paid_fl=n&search_uuid=0630b424-ad52-42cc-af85-a566cc753e0d	2026-09-03	local-parser	[오상헬스케어] 의료기기 SW 개발 경력 채용 (APP, Backend)	(주)오상헬스케어	added	경기 안양시 동안구					오상헬스케어
https://www.saramin.co.kr/zf_user/jobs/relay/view?view_type=search&rec_idx=54858629&location=ts&searchword=Kotlin+Spring+%EB%B0%B1%EC%97%94%EB%93%9C&searchType=search&paid_fl=n&search_uuid=0630b424-ad52-42cc-af85-a566cc753e0d	2026-09-03	local-parser	백엔드 개발자 채용	(주)그린아이티코리아	added	서울 송파구					그린아이티코리아
https://www.saramin.co.kr/zf_user/jobs/relay/view?view_type=search&rec_idx=54856268&location=ts&searchword=Kotlin+Spring+%EB%B0%B1%EC%97%94%EB%93%9C&searchType=search&paid_fl=n&search_uuid=0630b424-ad52-42cc-af85-a566cc753e0d	2026-09-03	local-parser	백엔드 (Backend) ​개발자	(주)인터엑스	added	서울 강남구					인터엑스
https://www.saramin.co.kr/zf_user/jobs/relay/view?view_type=search&rec_idx=54854980&location=ts&searchword=Kotlin+Spring+%EB%B0%B1%EC%97%94%EB%93%9C&searchType=search&paid_fl=n&search_uuid=0630b424-ad52-42cc-af85-a566cc753e0d	2026-09-03	local-parser	백엔드 프로그래머(3~10년)	(주)스포카	added	서울 강남구					스포카
https://www.saramin.co.kr/zf_user/jobs/relay/view?view_type=search&rec_idx=54846791&location=ts&searchword=Kotlin+Spring+%EB%B0%B1%EC%97%94%EB%93%9C&searchType=search&paid_fl=n&search_uuid=0630b424-ad52-42cc-af85-a566cc753e0d	2026-09-03	local-parser	[토스인슈어런스] Server Developer(Platform/Product)	(주)비바리퍼블리카	added	서울 구로구					비바리퍼블리카
https://www.saramin.co.kr/zf_user/jobs/relay/view?view_type=search&rec_idx=54832906&location=ts&searchword=Kotlin+Spring+%EB%B0%B1%EC%97%94%EB%93%9C&searchType=search&paid_fl=n&search_uuid=0630b424-ad52-42cc-af85-a566cc753e0d	2026-09-03	local-parser	[토스모바일] Data&Database Backend Engineer 채용	토스모바일(주)	added	서울 금천구					토스모바일
https://www.saramin.co.kr/zf_user/jobs/relay/view?view_type=search&rec_idx=54929066&location=ts&searchword=Data+Engineer+Airflow&searchType=search&paid_fl=n&search_uuid=6f595e3c-8bb8-4b93-8b2c-258f2e856707	2026-09-03	local-parser	[딜로이트 안진회계법인] 26년 하반기 데이터 엔지니어 경력직	안진회계법인	added	서울 영등포구					안진회계법인
https://www.saramin.co.kr/zf_user/jobs/relay/view?view_type=search&rec_idx=54925042&location=ts&searchword=Data+Engineer+Airflow&searchType=search&paid_fl=n&search_uuid=6f595e3c-8bb8-4b93-8b2c-258f2e856707	2026-09-03	local-parser	[정규직/중식제공] 유명 대기업 데이터 엔지니어 다수 채용	(주)키스템프그룹	added	서울 구로구					키스템프그룹
https://www.saramin.co.kr/zf_user/jobs/relay/view?view_type=search&rec_idx=54917873&location=ts&searchword=Data+Engineer+Airflow&searchType=search&paid_fl=n&search_uuid=6f595e3c-8bb8-4b93-8b2c-258f2e856707	2026-09-03	local-parser	[위밋모빌리티] Airflow / Python 개발자 채용	(주)위밋모빌리티	added	서울 관악구					위밋모빌리티
https://www.saramin.co.kr/zf_user/jobs/relay/view?view_type=search&rec_idx=54917751&location=ts&searchword=Data+Engineer+Airflow&searchType=search&paid_fl=n&search_uuid=6f595e3c-8bb8-4b93-8b2c-258f2e856707	2026-09-03	local-parser	[빅밸류] Data Engineer(6년 이하)	주식회사 빅밸류	added	서울 성동구					주식회사 빅밸류
https://www.saramin.co.kr/zf_user/jobs/relay/view?view_type=search&rec_idx=54911592&location=ts&searchword=Data+Engineer+Airflow&searchType=search&paid_fl=n&search_uuid=6f595e3c-8bb8-4b93-8b2c-258f2e856707	2026-09-03	local-parser	[기어세컨드] 데이터 엔지니어(DE) 채용	(주)기어세컨드	added	서울 성동구					기어세컨드
https://www.saramin.co.kr/zf_user/jobs/relay/view?view_type=search&rec_idx=54895452&location=ts&searchword=Data+Engineer+Airflow&searchType=search&paid_fl=n&search_uuid=6f595e3c-8bb8-4b93-8b2c-258f2e856707	2026-09-03	local-parser	[신용평가팀] Data Engineer(5년이상)	한국평가정보(주)	added	서울 강남구					한국평가정보
https://www.saramin.co.kr/zf_user/jobs/relay/view?view_type=search&rec_idx=54875371&location=ts&searchword=Data+Engineer+Airflow&searchType=search&paid_fl=n&search_uuid=6f595e3c-8bb8-4b93-8b2c-258f2e856707	2026-09-03	local-parser	토스페이먼츠 데이터 엔지니어 공개채용 (7년 이하) (~9/10)	토스페이먼츠(주)	added	서울 강남구					토스페이먼츠
https://www.saramin.co.kr/zf_user/jobs/relay/view?view_type=search&rec_idx=54871719&location=ts&searchword=Data+Engineer+Airflow&searchType=search&paid_fl=n&search_uuid=6f595e3c-8bb8-4b93-8b2c-258f2e856707	2026-09-03	local-parser	게임 데이터 엔지니어 담당 (플랫폼개발)/세계적인 게임사/판교	(주)에이치알비즈코리아	added	경기 성남시 분당구					에이치알비즈코리아
https://www.saramin.co.kr/zf_user/jobs/relay/view?view_type=search&rec_idx=54845411&location=ts&searchword=Data+Engineer+Airflow&searchType=search&paid_fl=n&search_uuid=6f595e3c-8bb8-4b93-8b2c-258f2e856707	2026-09-03	local-parser	AIEM AI/데이터 엔지니어 채용	(주)비투윈	added	서울 마포구					비투윈
https://www.saramin.co.kr/zf_user/jobs/relay/view?view_type=search&rec_idx=54844393&location=ts&searchword=Data+Engineer+Airflow&searchType=search&paid_fl=n&search_uuid=6f595e3c-8bb8-4b93-8b2c-258f2e856707	2026-09-03	local-parser	[NHN KCP] 데이터 엔지니어 담당(4년 이상)	엔에이치엔케이씨피	added	서울 구로구					엔에이치엔케이씨피
https://www.saramin.co.kr/zf_user/jobs/relay/view?view_type=search&rec_idx=54833698&location=ts&searchword=Data+Engineer+Airflow&searchType=search&paid_fl=n&search_uuid=6f595e3c-8bb8-4b93-8b2c-258f2e856707	2026-09-03	local-parser	[CORNERSTONE] 데이터 엔지니어(4년이상)	(주)코너스톤앤컴퍼니	added	경기 성남시 분당구					코너스톤앤컴퍼니
https://www.saramin.co.kr/zf_user/jobs/relay/view?view_type=search&rec_idx=54829336&location=ts&searchword=Data+Engineer+Airflow&searchType=search&paid_fl=n&search_uuid=6f595e3c-8bb8-4b93-8b2c-258f2e856707	2026-09-03	local-parser	[투네이션] 데이터 엔지니어를 모집합니다.(3년 이상)	주식회사 투네이션	added	경기 성남시 분당구					주식회사 투네이션
https://www.saramin.co.kr/zf_user/jobs/relay/view?view_type=search&rec_idx=54925582&location=ts&searchword=%EB%8D%B0%EC%9D%B4%ED%84%B0+%EC%97%94%EC%A7%80%EB%8B%88%EC%96%B4+Airflow&searchType=search&paid_fl=n&search_uuid=3add8c37-8de6-470d-b63e-45e3aa4aa7e2	2026-09-03	local-parser	데이터 엔지니어(Redis, MongoDB, Kafka)/세계적 게임사	(주)에이치알비즈코리아	added	경기 성남시 분당구					에이치알비즈코리아
https://www.saramin.co.kr/zf_user/jobs/relay/view?view_type=search&rec_idx=54918206&location=ts&searchword=%EB%8D%B0%EC%9D%B4%ED%84%B0+%EC%97%94%EC%A7%80%EB%8B%88%EC%96%B4+Airflow&searchType=search&paid_fl=n&search_uuid=3add8c37-8de6-470d-b63e-45e3aa4aa7e2	2026-09-03	local-parser	테크바이오기업 백엔드 개발자(2~5년)	그레이스앤파트너스(주)	added	서울 강남구					그레이스앤파트너스
https://www.saramin.co.kr/zf_user/jobs/relay/view?view_type=search&rec_idx=54880461&location=ts&searchword=%EB%8D%B0%EC%9D%B4%ED%84%B0+%EC%97%94%EC%A7%80%EB%8B%88%EC%96%B4+Airflow&searchType=search&paid_fl=n&search_uuid=3add8c37-8de6-470d-b63e-45e3aa4aa7e2	2026-09-03	local-parser	테크바이오기업 백엔드 개발자 (미들급)	그레이스앤파트너스(주)	added	서울 강남구					그레이스앤파트너스
https://www.saramin.co.kr/zf_user/jobs/relay/view?view_type=search&rec_idx=54704563&location=ts&searchword=Python+Airflow+Batch&searchType=search&paid_fl=n&search_uuid=d3e86493-a937-4def-8657-d8ab2eb5c4d3	2026-09-03	local-parser	AI/데이터 엔지니어	식신(주)	added	서울 강남구					식신
https://www.saramin.co.kr/zf_user/jobs/relay/view?view_type=search&rec_idx=54323051&location=ts&searchword=Python+Airflow+Batch&searchType=search&paid_fl=n&search_uuid=d3e86493-a937-4def-8657-d8ab2eb5c4d3	2026-09-03	local-parser	[아정당] 데이터 엔지니어 (서울)	(주)아정네트웍스	added	서울 강남구					아정네트웍스
